insert into users (id, coins, password, username)
values ('8734e065-cb72-4c93-81ee-603b59f163fc', 5534, '$2a$10$bAC1oalT31sq76Ri5OfZfuzfKzUwAeJGeykb6TH1KgjZTdsY21OfC',
        'ecauderlie0');
insert into users (id, coins, password, username)
values ('e5f487f9-e92f-4fd1-873e-d7f97a8a8ee8', 8794, '$2a$10$bAC1oalT31sq76Ri5OfZfuzfKzUwAeJGeykb6TH1KgjZTdsY21OfC',
        'kolwen1');
insert into users (id, coins, password, username)
values ('b525aed0-dbc5-41bb-a636-863636bdf5fc', 2746, '$2a$10$bAC1oalT31sq76Ri5OfZfuzfKzUwAeJGeykb6TH1KgjZTdsY21OfC',
        'sdermott2');
insert into users (id, coins, password, username)
values ('cdc7e8d2-b965-42c4-bf1d-22ea3ff009a9', 2186, '$2a$10$bAC1oalT31sq76Ri5OfZfuzfKzUwAeJGeykb6TH1KgjZTdsY21OfC',
        'lcluett3');
insert into users (id, coins, password, username)
values ('23ca9740-cfe2-4898-af49-0fbef0ef31f5', 1290, '$2a$10$bAC1oalT31sq76Ri5OfZfuzfKzUwAeJGeykb6TH1KgjZTdsY21OfC',
        'icheson4');
insert into users (id, coins, password, username)
values ('ff3fae36-bd40-49ee-ad10-e85d1250033c', 6306, '$2a$10$bAC1oalT31sq76Ri5OfZfuzfKzUwAeJGeykb6TH1KgjZTdsY21OfC',
        'mgianilli5');
insert into users (id, coins, password, username)
values ('f9d966b7-3859-40bb-961f-c7f00e83d3ca', 6010, '$2a$10$bAC1oalT31sq76Ri5OfZfuzfKzUwAeJGeykb6TH1KgjZTdsY21OfC',
        'ahector6');
insert into users (id, coins, password, username)
values ('690c37ef-4731-4d46-b011-4527a5651215', 4946, '$2a$10$bAC1oalT31sq76Ri5OfZfuzfKzUwAeJGeykb6TH1KgjZTdsY21OfC',
        'msayce7');
insert into users (id, coins, password, username)
values ('0b5fbc50-6ae6-4237-921f-9a95a972fb24', 4322, '$2a$10$bAC1oalT31sq76Ri5OfZfuzfKzUwAeJGeykb6TH1KgjZTdsY21OfC',
        'bgrishankov8');
insert into users (id, coins, password, username)
values ('cb10261c-4220-4ea6-a1f7-0366dfe76ae3', 3099, '$2a$10$bAC1oalT31sq76Ri5OfZfuzfKzUwAeJGeykb6TH1KgjZTdsY21OfC',
        'tpavelka9');

insert into card_stats (id, attack, energy, health)
values ('d2fa0170-33be-41e6-ba6c-d469360080a7', 6, 2, 4);
insert into card_stats (id, attack, energy, health)
values ('d4dfed44-7728-41ff-817f-708c4c33c45e', 1, 7, 4);
insert into card_stats (id, attack, energy, health)
values ('844bcf33-0543-4505-b061-dac053f5e4fc', 1, 7, 10);
insert into card_stats (id, attack, energy, health)
values ('0df9bfbf-6eb7-4f5e-8d8e-3650cfc21de9', 7, 7, 0);
insert into card_stats (id, attack, energy, health)
values ('aaf3c407-494f-4814-8efe-f6cf7c300772', 5, 5, 6);
insert into card_stats (id, attack, energy, health)
values ('2b3a67eb-e7c0-4fc9-8d83-8553d7dfc6a9', 6, 6, 8);
insert into card_stats (id, attack, energy, health)
values ('ba0c352f-f607-4812-937c-c082f73cd41f', 7, 3, 10);
insert into card_stats (id, attack, energy, health)
values ('f39b7983-91e2-4b44-a9b9-4fba3d3ef891', 9, 2, 7);
insert into card_stats (id, attack, energy, health)
values ('2a7ad4cd-4cca-4cec-b64e-3faadad79a6e', 8, 3, 6);
insert into card_stats (id, attack, energy, health)
values ('2fcb6d22-7af3-412d-90c8-468940904114', 6, 9, 1);

insert into card (id, creation_timestamp, image, name, card_stats_id)
values ('20539d71-fdc4-45c2-96b5-39fe5edd8f3b', '1999-01-08 04:05:06', 'BIIILD', 'Coradin',
        'd4dfed44-7728-41ff-817f-708c4c33c45e');
insert into card (id, creation_timestamp, image, name, card_stats_id)
values ('73ccd50a-e120-478f-80d1-3afc428f01aa', '1999-01-08 04:05:06', 'BIIILD', 'Ceylun',
        '844bcf33-0543-4505-b061-dac053f5e4fc');
insert into card (id, creation_timestamp, image, name, card_stats_id)
values ('9c8c9bee-1a17-404a-8cfe-875ea6f06943', '1999-01-08 04:05:06', 'BIIILD', 'Aboru',
        '0df9bfbf-6eb7-4f5e-8d8e-3650cfc21de9');
insert into card (id, creation_timestamp, image, name, card_stats_id)
values ('1d972434-81da-4ad5-9e41-07298adb11b2', '1999-01-08 04:05:06', 'BIIILD', 'Negir',
        'aaf3c407-494f-4814-8efe-f6cf7c300772');
insert into card (id, creation_timestamp, image, name, card_stats_id)
values ('c85f77d1-5723-42d2-b5be-dccfe074b522', '1999-01-08 04:05:06', 'BIIILD', 'Colondu',
        '2b3a67eb-e7c0-4fc9-8d83-8553d7dfc6a9');
insert into card (id, creation_timestamp, image, name, card_stats_id)
values ('12059108-a598-488e-842b-4a58301a315b', '1999-01-08 04:05:06', 'BIIILD', 'Haremi',
        'ba0c352f-f607-4812-937c-c082f73cd41f');
insert into card (id, creation_timestamp, image, name, card_stats_id)
values ('3e860d48-1609-4942-822a-5b13d671aba1', '1999-01-08 04:05:06', 'BIIILD', 'Lopelus',
        'f39b7983-91e2-4b44-a9b9-4fba3d3ef891');
insert into card (id, creation_timestamp, image, name, card_stats_id)
values ('1cb3e569-9107-42ee-9188-7acca447eed7', '1999-01-08 04:05:06', 'BIIILD', 'Popelia',
        '2a7ad4cd-4cca-4cec-b64e-3faadad79a6e');
insert into card (id, creation_timestamp, image, name, card_stats_id)
values ('10b45186-ba88-47bd-8e80-d522181cfe18', '1999-01-08 04:05:06', 'BIIILD', 'Manole',
        '2fcb6d22-7af3-412d-90c8-468940904114');

insert into deck (id, name, user_id)
values ('5c11266a-e59d-4eb9-9b47-f188feb34d03', 'Buckie', '8734e065-cb72-4c93-81ee-603b59f163fc');
insert into deck (id, name, user_id)
values ('567a9402-5be6-4d07-9d69-2d9921e4c197', 'Lorene', 'e5f487f9-e92f-4fd1-873e-d7f97a8a8ee8');
insert into deck (id, name, user_id)
values ('3ba92543-c02d-4f03-b62e-356cd696498b', 'Salomon', 'b525aed0-dbc5-41bb-a636-863636bdf5fc');
insert into deck (id, name, user_id)
values ('48f00b7c-15be-4896-9175-8d1c11709dac', 'Tiler', 'cdc7e8d2-b965-42c4-bf1d-22ea3ff009a9');
insert into deck (id, name, user_id)
values ('295dcb5c-a357-43dc-b1b1-9d02f6e9c14a', 'Arlen', '23ca9740-cfe2-4898-af49-0fbef0ef31f5');
insert into deck (id, name, user_id)
values ('ddc298d2-9fb0-424b-ba53-da8231c97f75', 'Sandra', 'ff3fae36-bd40-49ee-ad10-e85d1250033c');
insert into deck (id, name, user_id)
values ('a8c02e8c-503e-4e16-96ff-2f317fb15c27', 'Caryl', 'f9d966b7-3859-40bb-961f-c7f00e83d3ca');
insert into deck (id, name, user_id)
values ('eba1e63c-a561-4f51-8c40-50d528143ddb', 'Jordan', '690c37ef-4731-4d46-b011-4527a5651215');
insert into deck (id, name, user_id)
values ('eceb48c2-fd56-4496-bc80-ae09a700809a', 'Margaret', '0b5fbc50-6ae6-4237-921f-9a95a972fb24');
insert into deck (id, name, user_id)
values ('ece2eceb-b817-4dc4-80b6-7f9a2e8ea71e', 'Antonin', 'cb10261c-4220-4ea6-a1f7-0366dfe76ae3');

insert into card_transaction (id, transaction_timestamp, new_user_id)
values ('bbea8ac5-d511-4afe-b561-1af88f317df6', '2022-06-12 01:01:01', 'ff3fae36-bd40-49ee-ad10-e85d1250033c');
insert into card_transaction (id, transaction_timestamp, new_user_id)
values ('0bce8018-7527-4ad0-a727-963ab90b0fc4', '2022-06-12 01:01:01', '0b5fbc50-6ae6-4237-921f-9a95a972fb24');
insert into card_transaction (id, transaction_timestamp, new_user_id)
values ('f7dea662-10ee-4f32-9366-e36c40076ba1', '2022-06-12 01:01:01', '690c37ef-4731-4d46-b011-4527a5651215');

insert into card_user (id, card_id, user_id)
values ('b8f65d84-ffd6-4dd5-86ea-6fec22b6ff68', '20539d71-fdc4-45c2-96b5-39fe5edd8f3b',
        '8734e065-cb72-4c93-81ee-603b59f163fc');
insert into card_user (id, card_id, user_id)
values ('8ca3a2e7-b6a9-4bdd-bd51-acc607bd086a', '73ccd50a-e120-478f-80d1-3afc428f01aa',
        'e5f487f9-e92f-4fd1-873e-d7f97a8a8ee8');
insert into card_user (id, card_id, user_id)
values ('2681e9f2-2d50-4b05-8cb3-af7f58f24e4c', '9c8c9bee-1a17-404a-8cfe-875ea6f06943',
        'b525aed0-dbc5-41bb-a636-863636bdf5fc');
insert into card_user (id, card_id, user_id)
values ('92b3f415-1368-408a-b534-5fb340ff565b', '1d972434-81da-4ad5-9e41-07298adb11b2',
        'cdc7e8d2-b965-42c4-bf1d-22ea3ff009a9');
insert into card_user (id, card_id, user_id)
values ('27aa9d3b-4b11-4770-88fa-8117bc0186b0', 'c85f77d1-5723-42d2-b5be-dccfe074b522',
        '23ca9740-cfe2-4898-af49-0fbef0ef31f5');

insert into card_user (id, card_id, user_id)
values ('f0702196-d478-4fec-a943-6b98e0a5a6ff', '12059108-a598-488e-842b-4a58301a315b',
        'ff3fae36-bd40-49ee-ad10-e85d1250033c');
insert into card_user (id, card_id, user_id)
values ('bba27b5f-30fd-48d5-9e4d-66fec71c3e98', '3e860d48-1609-4942-822a-5b13d671aba1',
        'e5f487f9-e92f-4fd1-873e-d7f97a8a8ee8');
insert into card_user (id, card_id, user_id)
values ('29cc79d6-badb-48d1-b60d-1fb4ac2fe6bc', '1cb3e569-9107-42ee-9188-7acca447eed7',
        '8734e065-cb72-4c93-81ee-603b59f163fc');
insert into card_user (id, card_id, user_id)
values ('06044a2c-d448-4628-9ce3-2e0d951af5e1', '10b45186-ba88-47bd-8e80-d522181cfe18',
        '0b5fbc50-6ae6-4237-921f-9a95a972fb24');
--insert into card_user (id, card_id, user_id) values ('f1ae7641-cd61-4963-8fc5-87d7532766d7', 'd8b8227c-9b38-4cc0-8335-268631e51351', 'f9d966b7-3859-40bb-961f-c7f00e83d3ca');


insert into card_deck (card_user_id, deck_id)
values ('b8f65d84-ffd6-4dd5-86ea-6fec22b6ff68', '5c11266a-e59d-4eb9-9b47-f188feb34d03');
insert into card_deck (card_user_id, deck_id)
values ('8ca3a2e7-b6a9-4bdd-bd51-acc607bd086a', '567a9402-5be6-4d07-9d69-2d9921e4c197');
insert into card_deck (card_user_id, deck_id)
values ('2681e9f2-2d50-4b05-8cb3-af7f58f24e4c', '3ba92543-c02d-4f03-b62e-356cd696498b');
insert into card_deck (card_user_id, deck_id)
values ('92b3f415-1368-408a-b534-5fb340ff565b', '48f00b7c-15be-4896-9175-8d1c11709dac');
insert into card_deck (card_user_id, deck_id)
values ('27aa9d3b-4b11-4770-88fa-8117bc0186b0', '295dcb5c-a357-43dc-b1b1-9d02f6e9c14a');
insert into card_deck (card_user_id, deck_id)
values ('f0702196-d478-4fec-a943-6b98e0a5a6ff', 'ddc298d2-9fb0-424b-ba53-da8231c97f75');
insert into card_deck (card_user_id, deck_id)
values ('bba27b5f-30fd-48d5-9e4d-66fec71c3e98', 'a8c02e8c-503e-4e16-96ff-2f317fb15c27');
insert into card_deck (card_user_id, deck_id)
values ('29cc79d6-badb-48d1-b60d-1fb4ac2fe6bc', 'eba1e63c-a561-4f51-8c40-50d528143ddb');
insert into card_deck (card_user_id, deck_id)
values ('06044a2c-d448-4628-9ce3-2e0d951af5e1', 'eceb48c2-fd56-4496-bc80-ae09a700809a');
--insert into card_deck (id, card_user_id, deck_id) values ('5214c162-42a5-4e15-b43a-c1bc3b813d3f', 'f1ae7641-cd61-4963-8fc5-87d7532766d7', 'ece2eceb-b817-4dc4-80b6-7f9a2e8ea71e');-- 7 and 10 might not work

insert into card_market_offer (id, price, transaction_timestamp, card_user_id, card_transaction_id, user_id)
values ('aa664b2f-0dd1-465d-9437-f0697dd59ed7', 528, '2022-01-12 01:01:01', 'b8f65d84-ffd6-4dd5-86ea-6fec22b6ff68',
        'bbea8ac5-d511-4afe-b561-1af88f317df6', '8734e065-cb72-4c93-81ee-603b59f163fc');

insert into card_trade_offer (id, offer_timestamp, accepter_card_user_id, card_transaction_id, offer_card_user_id,
                              offer_user_id)
values ('99c3a0ae-f664-479b-9792-9500c32e600b', '2022-01-12 01:01:01', '06044a2c-d448-4628-9ce3-2e0d951af5e1',
        '0bce8018-7527-4ad0-a727-963ab90b0fc4', 'f0702196-d478-4fec-a943-6b98e0a5a6ff',
        'ff3fae36-bd40-49ee-ad10-e85d1250033c');