insert into users (id, coins, password, username) values ('8734e065-cb72-4c93-81ee-603b59f163fc', 5534, '$2a$10$bAC1oalT31sq76Ri5OfZfuzfKzUwAeJGeykb6TH1KgjZTdsY21OfC', 'ecauderlie0');
insert into users (id, coins, password, username) values ('e5f487f9-e92f-4fd1-873e-d7f97a8a8ee8', 8794, '$2a$10$bAC1oalT31sq76Ri5OfZfuzfKzUwAeJGeykb6TH1KgjZTdsY21OfC', 'kolwen1');
insert into users (id, coins, password, username) values ('b525aed0-dbc5-41bb-a636-863636bdf5fc', 2746, '$2a$10$bAC1oalT31sq76Ri5OfZfuzfKzUwAeJGeykb6TH1KgjZTdsY21OfC', 'sdermott2');
insert into users (id, coins, password, username) values ('cdc7e8d2-b965-42c4-bf1d-22ea3ff009a9', 2186, '$2a$10$bAC1oalT31sq76Ri5OfZfuzfKzUwAeJGeykb6TH1KgjZTdsY21OfC', 'lcluett3');
insert into users (id, coins, password, username) values ('23ca9740-cfe2-4898-af49-0fbef0ef31f5', 1290, '$2a$10$bAC1oalT31sq76Ri5OfZfuzfKzUwAeJGeykb6TH1KgjZTdsY21OfC', 'icheson4');
insert into users (id, coins, password, username) values ('ff3fae36-bd40-49ee-ad10-e85d1250033c', 6306, '$2a$10$bAC1oalT31sq76Ri5OfZfuzfKzUwAeJGeykb6TH1KgjZTdsY21OfC', 'mgianilli5');
insert into users (id, coins, password, username) values ('f9d966b7-3859-40bb-961f-c7f00e83d3ca', 6010, '$2a$10$bAC1oalT31sq76Ri5OfZfuzfKzUwAeJGeykb6TH1KgjZTdsY21OfC', 'ahector6');
insert into users (id, coins, password, username) values ('690c37ef-4731-4d46-b011-4527a5651215', 4946, '$2a$10$bAC1oalT31sq76Ri5OfZfuzfKzUwAeJGeykb6TH1KgjZTdsY21OfC', 'msayce7');
insert into users (id, coins, password, username) values ('0b5fbc50-6ae6-4237-921f-9a95a972fb24', 4322, '$2a$10$bAC1oalT31sq76Ri5OfZfuzfKzUwAeJGeykb6TH1KgjZTdsY21OfC', 'bgrishankov8');
insert into users (id, coins, password, username) values ('cb10261c-4220-4ea6-a1f7-0366dfe76ae3', 3099, '$2a$10$bAC1oalT31sq76Ri5OfZfuzfKzUwAeJGeykb6TH1KgjZTdsY21OfC', 'tpavelka9');

insert into card_stats (id, attack, energy, health) values ('d2fa0170-33be-41e6-ba6c-d469360080a7', 6, 2, 4);
insert into card_stats (id, attack, energy, health) values ('d4dfed44-7728-41ff-817f-708c4c33c45e', 1, 7, 4);
insert into card_stats (id, attack, energy, health) values ('844bcf33-0543-4505-b061-dac053f5e4fc', 1, 7, 10);
insert into card_stats (id, attack, energy, health) values ('0df9bfbf-6eb7-4f5e-8d8e-3650cfc21de9', 7, 7, 0);
insert into card_stats (id, attack, energy, health) values ('aaf3c407-494f-4814-8efe-f6cf7c300772', 5, 5, 6);
insert into card_stats (id, attack, energy, health) values ('2b3a67eb-e7c0-4fc9-8d83-8553d7dfc6a9', 6, 6, 8);
insert into card_stats (id, attack, energy, health) values ('ba0c352f-f607-4812-937c-c082f73cd41f', 7, 3, 10);
insert into card_stats (id, attack, energy, health) values ('f39b7983-91e2-4b44-a9b9-4fba3d3ef891', 9, 2, 7);
insert into card_stats (id, attack, energy, health) values ('2a7ad4cd-4cca-4cec-b64e-3faadad79a6e', 8, 3, 6);
insert into card_stats (id, attack, energy, health) values ('2fcb6d22-7af3-412d-90c8-468940904114', 6, 9, 1);

insert into card (id,  creation_timestamp, image, name, card_stats_id) values ('20539d71-fdc4-45c2-96b5-39fe5edd8f3b', '1999-01-08 04:05:06', 'BIIILD', 'Coradin', 'd4dfed44-7728-41ff-817f-708c4c33c45e');
insert into card (id,  creation_timestamp, image, name, card_stats_id) values ('73ccd50a-e120-478f-80d1-3afc428f01aa', '1999-01-08 04:05:06', 'BIIILD', 'Ceylun', '844bcf33-0543-4505-b061-dac053f5e4fc');
insert into card (id,  creation_timestamp, image, name, card_stats_id) values ('9c8c9bee-1a17-404a-8cfe-875ea6f06943', '1999-01-08 04:05:06', 'BIIILD', 'Aboru', '0df9bfbf-6eb7-4f5e-8d8e-3650cfc21de9');
insert into card (id,  creation_timestamp, image, name, card_stats_id) values ('1d972434-81da-4ad5-9e41-07298adb11b2', '1999-01-08 04:05:06', 'BIIILD', 'Negir', 'aaf3c407-494f-4814-8efe-f6cf7c300772');
insert into card (id,  creation_timestamp, image, name, card_stats_id) values ('c85f77d1-5723-42d2-b5be-dccfe074b522', '1999-01-08 04:05:06', 'BIIILD', 'Colondu', '2b3a67eb-e7c0-4fc9-8d83-8553d7dfc6a9');
insert into card (id,  creation_timestamp, image, name, card_stats_id) values ('12059108-a598-488e-842b-4a58301a315b', '1999-01-08 04:05:06', 'BIIILD', 'Haremi', 'ba0c352f-f607-4812-937c-c082f73cd41f');
insert into card (id,  creation_timestamp, image, name, card_stats_id) values ('3e860d48-1609-4942-822a-5b13d671aba1', '1999-01-08 04:05:06', 'BIIILD', 'Lopelus', 'f39b7983-91e2-4b44-a9b9-4fba3d3ef891');
insert into card (id,  creation_timestamp, image, name, card_stats_id) values ('1cb3e569-9107-42ee-9188-7acca447eed7', '1999-01-08 04:05:06', 'BIIILD', 'Popelia', '2a7ad4cd-4cca-4cec-b64e-3faadad79a6e');
insert into card (id,  creation_timestamp, image, name, card_stats_id) values ('10b45186-ba88-47bd-8e80-d522181cfe18', '1999-01-08 04:05:06', 'BIIILD', 'Manole', '2fcb6d22-7af3-412d-90c8-468940904114');

insert into deck (id, name, user_id) values ('5c11266a-e59d-4eb9-9b47-f188feb34d03', 'Buckie', '8734e065-cb72-4c93-81ee-603b59f163fc');
insert into deck (id, name, user_id) values ('567a9402-5be6-4d07-9d69-2d9921e4c197', 'Lorene', 'e5f487f9-e92f-4fd1-873e-d7f97a8a8ee8');
insert into deck (id, name, user_id) values ('3ba92543-c02d-4f03-b62e-356cd696498b', 'Salomon', 'b525aed0-dbc5-41bb-a636-863636bdf5fc');
insert into deck (id, name, user_id) values ('48f00b7c-15be-4896-9175-8d1c11709dac', 'Tiler', 'cdc7e8d2-b965-42c4-bf1d-22ea3ff009a9');
insert into deck (id, name, user_id) values ('295dcb5c-a357-43dc-b1b1-9d02f6e9c14a', 'Arlen', '23ca9740-cfe2-4898-af49-0fbef0ef31f5');
insert into deck (id, name, user_id) values ('ddc298d2-9fb0-424b-ba53-da8231c97f75', 'Sandra', 'ff3fae36-bd40-49ee-ad10-e85d1250033c');
insert into deck (id, name, user_id) values ('a8c02e8c-503e-4e16-96ff-2f317fb15c27', 'Caryl', 'f9d966b7-3859-40bb-961f-c7f00e83d3ca');
insert into deck (id, name, user_id) values ('eba1e63c-a561-4f51-8c40-50d528143ddb', 'Jordan', '690c37ef-4731-4d46-b011-4527a5651215');
insert into deck (id, name, user_id) values ('eceb48c2-fd56-4496-bc80-ae09a700809a', 'Margaret', '0b5fbc50-6ae6-4237-921f-9a95a972fb24');
insert into deck (id, name, user_id) values ('ece2eceb-b817-4dc4-80b6-7f9a2e8ea71e', 'Antonin', 'cb10261c-4220-4ea6-a1f7-0366dfe76ae3');

insert into card_transaction (id, transaction_timestamp, new_user_id) values ('bbea8ac5-d511-4afe-b561-1af88f317df6', '2022-06-12 01:01:01', 'ff3fae36-bd40-49ee-ad10-e85d1250033c');
insert into card_transaction (id, transaction_timestamp, new_user_id) values ('0bce8018-7527-4ad0-a727-963ab90b0fc4', '2022-06-12 01:01:01', 'f9d966b7-3859-40bb-961f-c7f00e83d3ca');
insert into card_transaction (id, transaction_timestamp, new_user_id) values ('f7dea662-10ee-4f32-9366-e36c40076ba1', '2022-06-12 01:01:01', '690c37ef-4731-4d46-b011-4527a5651215');

insert into card_user (id, card_id, user_id) values ('b8f65d84-ffd6-4dd5-86ea-6fec22b6ff68', '20539d71-fdc4-45c2-96b5-39fe5edd8f3b', '8734e065-cb72-4c93-81ee-603b59f163fc');
insert into card_user (id, card_id, user_id) values ('8ca3a2e7-b6a9-4bdd-bd51-acc607bd086a', '73ccd50a-e120-478f-80d1-3afc428f01aa', 'e5f487f9-e92f-4fd1-873e-d7f97a8a8ee8');
insert into card_user (id, card_id, user_id) values ('2681e9f2-2d50-4b05-8cb3-af7f58f24e4c', '9c8c9bee-1a17-404a-8cfe-875ea6f06943', 'b525aed0-dbc5-41bb-a636-863636bdf5fc');
insert into card_user (id, card_id, user_id) values ('92b3f415-1368-408a-b534-5fb340ff565b', '1d972434-81da-4ad5-9e41-07298adb11b2', 'cdc7e8d2-b965-42c4-bf1d-22ea3ff009a9');
insert into card_user (id, card_id, user_id) values ('27aa9d3b-4b11-4770-88fa-8117bc0186b0', 'c85f77d1-5723-42d2-b5be-dccfe074b522', '23ca9740-cfe2-4898-af49-0fbef0ef31f5');

insert into card_user (id, card_id, user_id) values ('f0702196-d478-4fec-a943-6b98e0a5a6ff', '12059108-a598-488e-842b-4a58301a315b', 'ff3fae36-bd40-49ee-ad10-e85d1250033c');
insert into card_user (id, card_id, user_id) values ('bba27b5f-30fd-48d5-9e4d-66fec71c3e98', '3e860d48-1609-4942-822a-5b13d671aba1', 'e5f487f9-e92f-4fd1-873e-d7f97a8a8ee8');
insert into card_user (id, card_id, user_id) values ('29cc79d6-badb-48d1-b60d-1fb4ac2fe6bc', '1cb3e569-9107-42ee-9188-7acca447eed7', '8734e065-cb72-4c93-81ee-603b59f163fc');
insert into card_user (id, card_id, user_id) values ('06044a2c-d448-4628-9ce3-2e0d951af5e1', '10b45186-ba88-47bd-8e80-d522181cfe18', '0b5fbc50-6ae6-4237-921f-9a95a972fb24');
--insert into card_user (id, card_id, user_id) values ('f1ae7641-cd61-4963-8fc5-87d7532766d7', 'd8b8227c-9b38-4cc0-8335-268631e51351', 'f9d966b7-3859-40bb-961f-c7f00e83d3ca');


insert into card_deck (card_user_id, deck_id) values ('b8f65d84-ffd6-4dd5-86ea-6fec22b6ff68', '5c11266a-e59d-4eb9-9b47-f188feb34d03');
insert into card_deck (card_user_id, deck_id) values ('8ca3a2e7-b6a9-4bdd-bd51-acc607bd086a', '567a9402-5be6-4d07-9d69-2d9921e4c197');

insert into card_deck (card_user_id, deck_id) values ('2681e9f2-2d50-4b05-8cb3-af7f58f24e4c', '3ba92543-c02d-4f03-b62e-356cd696498b');
insert into card_deck (card_user_id, deck_id) values ('92b3f415-1368-408a-b534-5fb340ff565b', '48f00b7c-15be-4896-9175-8d1c11709dac');
insert into card_deck (card_user_id, deck_id) values ('27aa9d3b-4b11-4770-88fa-8117bc0186b0', '295dcb5c-a357-43dc-b1b1-9d02f6e9c14a');
insert into card_deck (card_user_id, deck_id) values ('f0702196-d478-4fec-a943-6b98e0a5a6ff', 'ddc298d2-9fb0-424b-ba53-da8231c97f75');
insert into card_deck (card_user_id, deck_id) values ('bba27b5f-30fd-48d5-9e4d-66fec71c3e98', 'a8c02e8c-503e-4e16-96ff-2f317fb15c27');
insert into card_deck (card_user_id, deck_id) values ('29cc79d6-badb-48d1-b60d-1fb4ac2fe6bc', 'eba1e63c-a561-4f51-8c40-50d528143ddb');
insert into card_deck (card_user_id, deck_id) values ('06044a2c-d448-4628-9ce3-2e0d951af5e1', 'eceb48c2-fd56-4496-bc80-ae09a700809a');
--insert into card_deck (id, card_user_id, deck_id) values ('5214c162-42a5-4e15-b43a-c1bc3b813d3f', 'f1ae7641-cd61-4963-8fc5-87d7532766d7', 'ece2eceb-b817-4dc4-80b6-7f9a2e8ea71e');
-- 7 and 10 might not work

insert into card_market_offer (id, price, transaction_timestamp, card_user_id, card_transaction_id, user_id) values ('aa664b2f-0dd1-465d-9437-f0697dd59ed7', 528, '2022-01-12 01:01:01', 'b8f65d84-ffd6-4dd5-86ea-6fec22b6ff68', 'bbea8ac5-d511-4afe-b561-1af88f317df6', '8734e065-cb72-4c93-81ee-603b59f163fc');

-- insert into card (id, creation_timestamp, image, name, card_stats_id) values ('d8b8227c-9b38-4cc0-8335-268631e51351', '1999-01-08 04:05:06', 'data:image/png;base64,/9j/4AAQSkZJRgABAQAAAQABAAD/2wCEAAYGBgYHBgcICAcKCwoLCg8ODAwODxYQERAREBYiFRkVFRkVIh4kHhweJB42KiYmKjY+NDI0PkxERExfWl98fKcBBgYGBgcGBwgIBwoLCgsKDw4MDA4PFhAREBEQFiIVGRUVGRUiHiQeHB4kHjYqJiYqNj40MjQ+TERETF9aX3x8p//CABEIBLAGQAMBIgACEQEDEQH/xAAxAAEBAQEBAQEAAAAAAAAAAAAAAQIDBAUGAQEBAQEBAQAAAAAAAAAAAAAAAQIDBAX/2gAMAwEAAhADEAAAAvkWO3GwBSUAAAAAAAAAACwKAAAFAACpQAAAKASiBQgACKJLB9Dwe/V0NoqpNDOeg556jjO0jhPQTzT0jyz1l8k9iPE9pPDPfDwPej573w8L3DwvbDxvWPI9cPK9UPM9I8z0Q4O8ji7Di6jk6Dm6Qw3DLQy0jKiKIogCiUAAAKABZQAEAoBQBQAWCyiKJQAAAAAAAAASiLDnYhUKAAAAAAACwAAFgqCpQAAACoKAUAAACgEAFCEsAAAJ9D5/0NXSzdCwIEpLAQAKIpYsCwiiAAAFIoiiUIoiiKIUixAIoiiAAiiKJNDLQy0MtjDY53Y53Yw6Dneg53oObojycfR58QJKBYKCgAAqCgAAAAAAAAAAAA5CKgsCpQgoAAAAAAAAAAKgqCoKBZQgoApYLCAAUAgAAAAgH0Pn+/V2N0AQCkBKAAgUgBAKSiCFAAsUoixAAoIAFJKqASxCiAAAFWKAABSFJVJQWWCgDy+fvwxkJBQCgqUAAWCgAAAAAAAAAAAA5CAAAAFgoAAAAAAAAAAAFgWUAWCoKgoAtEKiAAABCoLAAn0PB79XY3QIoiwiiLChQAEsAIsAQFFAAUVICKIUigUjUXKxEpIAAFKIoigolBKAIoKJQKAKE8fDvwxkJAKlKBYKAACwFgoAAAAAAAAAEsOYgAAAAACwFgqCoKgqCoKgoAAAAAKQoAWwAAABCgIAAAIsH0Pn+/V6DdQFgABQAAAABJQAABRKIoJRLAKAUgCkVKSSqiwFIoioiiKBSUCiLAoigUiiURQ8XDv584okAWUWC2CpQAABYKlAAAAAAAAAIsOYgAAAAAAAAAAAAAAACoKAAAFsCoKlBCoKgsAAAlCAAIe/we/V6SulgUAolhbKIIFAAIAAFAAAAFIAAAUASiLBKIoiiKAJQAFIoCCiKUApCiKCq+fw78M8qJAAKCgoAAAAKlJZQAAAAAAABLDmIAAAAAAABQAAAAAAAAAFgqCgAAAAAAIKgAAAELCV7/B79OizpQVZSUVZYgEpQCwAlIiqioShKIWosCgCUUUiiAKIqIohTNojUI1CKWKSKIoigUillolAoKiKs+dw78JxqWQACgoKlAAAAFgWCgAAAAAAELA5iAAACUAEKFAAAEKAAgqCoKlAAAFgqCoKlBCoLAAAEKiKgAEW+/5/0NXoOlUAUshZVARYhSAFIAFFIAUhSKIolFAAFIoKliiKIojQhozNlwok0SKIoiiUCgUigoUgo+Xw78HnWEoAKCgWUAAAAAAqUAAAAJQBLADmlgBKIABYKhagWAAAABYAAAFgqCgAAAAAAAAJQgsAIAEAV7/B7tXsOlqUUlilFhEKVZLAUiwAFAUAAUhQAFCACgtWTQlWXKxLC1JhOmuepdN6muTVTE3LMqSKIoKWNDLQiiVUlUij5PHtxecGaACpSgFCUAAAAFIoAAAAEKgsADmiLAWUgAAUABYLAAAAAAAAAAAAsCgAAAIAAAggqCwAVAfQ+f8AQ1eo6VVlBRSCUUi5AFBLBRVSABVAAFAVKJaIoFFWamOnCzreXeXnz35bntfPbnUyrfXgl9u/Fc7+h08fp49ubos4NTpziiKIoiklUiiUFApPj8e3G+YGaQoKlKABZQAAAABQAAAASiLAADkIAAABQAAAAAAAABIpCoKlAAAAFgqCoKigAAhAAAAIAV7/AAe/V7U6aqWFFQhZVEEoKWSiVYlsUgKAEpRQAJVAolBRWpqWcPRzs8vt8XbWOnh+h8+Jc61hSaFWdMbX17l4+ntDnrON56csq1mKiKIqotIoiklAo+Ly68teMEFAFCgAWUAAAAAqUAlAACKIAADkIAAABQAAAABCwFgsIAAAAAAqCoKgpCpQAKIAgAAQsAFIL9D5/wBC3sOmlpUIGlgIpSwQBYWFBRSLAJRQABRaIUAKFampbNJfmunLtw9vimZZvOrGm87Oucdedss6d/Jua9e/N2573neLiKsiiKIoikAAAFPicunPfiBkKoKlKABZQAAAABQAAAAASwWAsOQgAAAFAAAASwAACAABCoKgqCgAAAAAAAAELAAAAQUB7/B9C30U6bRYi1UsAVqBCItAVBVWVLBBRQogFBZqUVZVItiW0mjOlJrj4Pq+LfPzNOnKpqbbms73NYzscbO2ee079eHqxrUrNgqKIqyKSKIoiklBZT4ONZ6eAELCillKABZQAAAAUAAAAAJQCALDkIAAABQAAAEAAAIJQgsAAAAAACoKgqCoKgsAABAABQBC/Q+d9G69MOmlWUgFVQQiKAVBVWUFZoi1QgRVEVpZVWWpZaiW0lWWVZrz3Xi1z+hw5xfNc668W87zrfG6HfydZrPbl7c729PPlMeH7Pg1PF6O3j3Pc4+jHWKlypIqoEAABGpT8/mzr4ASoSpaWUWUAUAAABRLCpQAAAACFAEsOQgAAAFELAsAAAAASLAAAAAAJQAAAAAAAAgAABQEsAH0Pn/Qa9OjpoRSlVCogVRCwUWUFQFWalAFlqJaUoUFJVllVVKyqWaeb0k+c9Hm7cc465uZdms0jm6rM/Q8vr5de7O+Lp4vX4tZ35vZrWuW9TOooy1LMtQiqiiABFlPz0Tt86gCxZRZSpQBZQAAAAoAAAlACKAAEsOQgAAFAgAAAAACIAAAAILAAAsCoKgoACUEAAAABFsAAgv0fnfQa9cOm1lKRbFgUSxUpUtlixUVRZRVCClVZYoKAlVVlWJVlKlFgI4ePfn7ce+OvPVvTHXOpdZmsnVm67+XF73j1h09HLMk1Fily1CTRMtDM1KixYoiiUPziX0fMAAoRZaWUAFAAABQAAAAAAAABLDkIABZQQAAAAABIAAAAEAAAAAAAAAAAACFsAAABAAvv+f72vYXptYWxYlpQIJSlBWaWVZVVYqUBVlKVKgFVYUlUCpViDPCzs8c1nny6Y68r14dV69M6x1uLJIWtawzrt24enlv0ZtzxzNDM0tzNwzdQjUXM1DM0tyok1VxqRPzZfT80EAqWxZSgAWUAAAqUAAAAAAAAAiw5CUAQAAAAAEAAgAAACAAAIKlAAAAAACCwUAAAgCAoIe/we669tl6bBbSUAJYoLFQUqWaGiyVVUWVZZQAlVRVllWBSKgWMef1Z1Pn47cuuJncueembn09PP6MdstI511XGus59Nejz+rGd659pxk3JMNS3K0y0MqXOdy3KlzNDM1FmdYs/OWX0/OBAFlRZaWUAWUAAAAoAAAAAAAEogOQlAAEAAAAAIIAAAELAAAAgAAAFgLCkLAAEWwAAgAAKCHt8PtuvdZeu7ZZbSaioihKWBQlUUqUGlWVSUFSpVWBqBYmgKiWoFMscq8/Hry7c5ctZ1lUz6OBfW5dufWbia1rOs3Xr4sYnt8XpY7Z7Zzx5zrhcNy6y0jM0tznpFxNRczS3E0XPPrys/OK9PzwQCpUWWllABQAAABQAAAAAAAASw5CVAsAAAAAIlgAAAAQAACAAAAAAAAABBQAAgQqCoKgAe3xey692s3rvViXVzqaCUBKWFlWVUslWFpqUJqpZQVVzVWChSFJKWGefn09ufCsYueiZ1LnM0ucNyyJodOdl9evL359utx0xrtwm2O3u4ern5wcospjcXE6Sa5tRqSrczWVzNRrKrc8e/G5/OSz0+GhAFlQWllABQAAABQAAAAAAASwoOFJUAAAAAIllIAAACAAAQAAAAAAAAAAIsUAAiLAAAAAevyeu6+gjrrWsamrqXOqlWBQlUAlgVZVtJoJoWVZc6tlhSKmhTMpSVZPJ5+3l7Zuct52haQZS5124al5XpLJbC6zZrvvlvHXfo8/XD39+HPn5vZz8eK988OLr6W/meiY9mdHLE1GsNRrOdxcTcazNRrPn9Xm1n84T0eKiwBZQWwCgAoAFlEoAAALAAAAABLDkSWoAAAAEqIAAAQsAACAAAAAEKQqUgAAKhbAAQgAAAAAB6vJ6rr6FzeutWWa1rGpqiallihQlSwFVZZaJpSaFm5qahZcllLZZFIalkLws8fDTvObWdYslNIlg1m759Jr3fP+n87FmstzVzqa3efXHTXTnrN69fNrOenPeTFzNze+aPo+r430ccO8JyZ1DM1G8zWVk1Gs+b1eXU/OE9HjosAWVAqgoFlAAFlAAAAKQLAAAABLDlCUAAABLAWIsAAEogAEoiwAAAShKIogUAAAIAQAAAAAAJYHp83pa+hZe27rNl1rOpqiaWI0RQlBQKlmqJpZZoXO2s2LZYWWLZZKVFJNeP1+azy8d8u8k3nWIDSWEspvG19fD0+fl08953tw63Fmum+fTPXdz159HRrnM1LMY005bmd56+nyd8Pd14dOfm6LLiSlznUamdRqeP2ePWfzpPR5aLAFlFlsWUAFAAAKlAAAALAAFIABLDiJQAAEsAAAgAQAAAiwAAAAIFgBQAAAAAhAAAAAELAAejz+hfo2O3TVzqXVzZrdlzoFCUlAUIpWhc6CbUmlWFIWahrOplqWRVkeX1+TU8E3jumLnWN52msquYC9Oepr0+TUlxO+dc+dmrHXlrOu+uXTHbr18/Tnrq5zKXldt4utZzvnTt6PHvOfsTjvPk1nLOrh57vrvzd7q+L3fNvP4Us9PloQBZRZbFgoFlJQAAoAAAAACwqUgAEsONiUAABAACAAIAAABAAAAAgAUAAAAACCAABAAAAAB34d1+iO29axqa1Zqb1ZZQlCUAFCW2JaJqibozq0hSLZYus6ZtiS2VHi9vytzlm57Yzk1nprjuaBami6szrOpTU1yTK3eF57luqz01vjI7YhZNWzPo8+bPocOHpxb1830M3nrHGZ9vbweyY48vV4rdbxXTv5Hi3w+cOviWUAAospQAUAAAUAAAFgqUEAAAEDiJQAEogAAgAgAAAAgAAEAAFAAAAAELAACCCwAAAAAJ34d1+kO27rOmta59M6usamqJVJUpYAJaWVYmqXPRZc1QpYUNWXObRGs1PN870cuznz3z3zKswss1rG5p052a6Rqai4NcTfKdOdSy5N9OSa73lrPTWRJbTL0YOU6Y1jXt8G836fj3zzUzNPXy5ZO++PTOt/O93g1x8I34gKlAKKoRQAoABQAAACpQQAAAASw4iUABAAACEoiwAASwAAAAQAAUAAAgsAAAIAgAAAABCoHbj2a+mO2rc1daxZreudmuqXO6qWFiSllCiaWJdDPSprNWahZRZqS0maJLFr5LXPu4l3jFGZNCahdazZrW87x1vDfLXPBOnnus7audSampS0zqpVssS43K9HHHVeNTWPqcNa49PMuOmEi5deO7O/g9XjmfJZXlAqUAospQACpQBZQAAAUlACAAAAA4CUABAAACAEsAAEsAAAAEAFAAELAAAACAEAAAAgqCwAHXl1a+pY7bspViNyVrrrlvO92M6olSgJQVZZaM9Lc3Ntllus2S2VNWWZoQQ+dw6cPRMrnWRUlAWVvNmtzpxlxmzpwyq5u86m2bzOjOjWs7zuWlzncTUzupp0Xg6Zuenp8XrxeHPfPeVqzO86S+L2+Jz81lnnAUAKKpUAAoAAKAAAUAAlQAAASjgJQBCywAACAIAABLCwAAEogAUABAAAAAASyAAACAAAAB057a+us7bBQlVDVzqa6643O+znvOqJQVZYBalztZc6tlltlktlTSWZoLz6ZT5nL0c/Q883jWLZRVla0zuax3HkTfKLLmW0lZiSrGgvTnqb6TOpsqJaq9uElWa1nn6OHok4ztysVTGluZ4vd4Ly89lnnAoAKLKCgAWUAWCpQAAAoJSAFIAADgJQABAAAIASwAAQAAAIAAFASwAAAAACEAAACAAABQG8al+ys7dIsFFihYl1ZJrW+aXteW5vaXOgFiaomllzq2WXSWLZZLYZ0lkA5c/Rm68fj+t5OufHd46YazY3J2zu8bi5Tc1jM0SAkpIqhC7xqW0a0zI3Iqykag1vnuX1eT6PlzeV6zTldyzHg+l828PNR5gCgCiqVAAFlAAFAABYKgqCxSAAASw4iUABKIsAAgCKIACLAAABLAAFAiwAAAAAAiyAAEogAAAUBrOl+3neevSKWFIqWLCoXTOpXTlqXreVm+l56zrTKXSGrc2XTNl0zrOt3nrLdzWbc2TTNSY6LfDn1zo8fL1eTphcy46YyLZo6J0zvlntlOc3NZzNEypJLbQNMpazRq6JnQmgvXHXOvZ1m+Mzx9GTx9XW68vyPv8AwenDyjp5FlAAKLKCgAWUAAWUAAAUBCoLAAASw4iUACAAACEogAAEsAAAIsAAVKIAAAAAAIgAAEogAAAAVZZfu5s69AtKliiSlgFhaiNXNl1rlZrpedXdymtozq3NXTNzrWudl3cWXdxczdzU0zqSx4N548078kqwqVqbmtds9cdOeeqXhj0ctZ5zedYzNSzKkJVS1JqVaVVWLbtZre8X1bzrjiFrEsafB+98Hpw8Y7eUUAAoq2EoAFlAAAKAAACywAAAASw4iUACFIsAAgCAAAiwAAILAABQEAAAAABLAIAAAgAAAUBZY+5Je3UVbKlSlysEsAEqVc1RYtzZrVyXdxqaqJbZZallu+dmt3nrN3cU1ccknjuO3ANZFFbmp1dcdNdeft4Xlw+r5nP5/L0c+vTjneemMTUZk1KiiLSa1ZZc5Km7N/V+T9nk6568+XOTUWZ3m3M1lrHwvvfB6cvIO3lAAApbBQABZQAABZQAABYKQAAASw4iUAAQAACBCoAAEsAAAIABKWLAAAAAAASAAAAIAAAAFCPtpe3W2VaJQVNZICKIJZQqWW2VpZZalltzZbc6lWFomrYlqcE358zpxDWZVGrvO5rW87bXGt/Q8/s48bS8PH5Pr871+Nx9/j7deU3jeZLEWlJkuY1hvGxvOmtfR+d6ed+xjPTjwzLJqLFzjcus/nv0X5zpy8w7eYABZRYstgqUAWUAAAWUAAKIsAAABCwOIlAASiAACAIAAACAASiAABQIAAAAABCAAABAAAAFCAPs6zrt1tzpaqalUmd5jKliiSiLBSWkW2JdJVtzZbZZbc2apFszwud8Wdc7KsFG3bO862zudJrOrvPo5vV1zrPjs4+e3r5uMvo745ejT52dZ6sTWdYrJEqyKGlVc6XfTn0zr1/R+R9LhjSs4mdQmd5up+b/AEv5jry4Dr5wAAKKoRYKBYKlABQAACgELAAAAgOKpYAAQAACAIsAAEsAAAEsAAUACLAAAAACCAAEogAAAUAI+xrO+vVZaus2b1c6iZ3FwoSiTUIsVUgRbci6wl6XFXTKXpcSOnHPOrk1gAtWau5XZvn1y1c6aXLXr5+jnx6cr4Nc8YZ6eixnTWZmxz1NTM1Ew1LmC5lBVVpZbvOprt383TnfpXh6OXDM3kystflv1X5Try5DrwAAAoqhFlAAFAACoKAAAAAAABA5IlAAAQAAgQqAAACAAASwABQAEogAAAAiLAAAAgABQBSWWPr7zvr1lLbSVZF0yloBCiWASxUsEsAFWW2ZXXKLIpIClVqalvbPXHS1cbmiL1x2xnt15zHn8/lvPt3rN3UmLEiywEqpNRMTcuc1UW1pbZVDXTG8a93p4d+fmZ1JM51Jp+T/AFn5LtywTrxqCgAoqpUWCgWCgAAKAAAAAAAAIDiqWLAABKIAAIiwAAiiAAASwsogUACKIAAAABKiAAAiiFIAFoJZT7G+fXp2lBZVSxViJUWoKlBZYpcrCLACxgQAAJVVVV0z0zrW5vn0aXKabi9c6xjp4+vi1GNY7UkpISwt1IikDKyxpMXWK1rOouoW7z0l17ePt4Y1c9HDOdZjM0az+S/W/ke3LI68iUAAoqhFgoAFAAACgAAAAAASwA5CIsUABKIogAAEqIAAgAASgBKIAACLFAAAAASoiwAAAAEWoFlPr9OfXp2WVRViyIBLFSiShYXTCXcwNsQ3lBKIolsC1YtWabh0msdNazc6us6jXTnvDeZ42Lnnz7TpOWtTeZFrJNM6UwTWUsbxsudSXQrTNi6xs3rGl9/p558/LPq8G7r2SXPFLFx+S/Wfku3ODryiwoAKKoRZQBZQAABYKAAAAAQqBYAOQhABQAEoiwAAAggBKIsAAAIsAAAAAWLAsAAgBLAAAAAAFA+v15dd9lW0WWKMzUWAgIsAWABUqIoiwilVTNWVWhqbluprG1mppvKXeOPG43yznrz1mLmsjTI1JTVwlWEC1rNl3rSbwluSVNXNXpvn0zr63hznnnW+da9Hs+d788U1nOOX5P8AWfk+3KDrzEKABZaoQCgAqUAAWCgAAAJRKIAAQ5iEsAAUABLAAABKIIAAiwAAAiwAAAABQEoiyAAIsAAAAAAX6/Xj232qrVllBSjEsIsBAtXLUWTSMqIBKVVIqUotahsm6jNazhevDnjeLlNYJUSwSiKC0y2lzKSCmpua6t889OV3nWJqVJbodM7zvVlzq3OpNe/wd88/ZnG88uH5X9T+W7cZF6c4CpQCiqEqCgAWUAAAoABCgJQCWABLDmIigCLFAASiLAABKIAIASiLAAABKIsABSKIFAioiwAAAiiKIsBSFX63Xl232qW1ZZSllkLnUMqMqIsWpZSUk1CKWLSVYSlVS6WUiaXHFN8jWJLLEBLAolUlJVVWdwy1lMqG8U6XGmtzSaxNS5tlN6wmt3Nzda5k63n0k9nXzerly835f9P+Y7eeDpzAAAoqhFAABQAAWCgAASwAqAAAQ5iEolCBQAAAIogAIohYgAEogAAAAAAAUBAAASiKIAIAAABfrduPffaUtqWW3Olk1klgTUIgsJRpct5ICKVSAFVVmpVkLzxizWZLNIQCTUBSLSNJZVUoNZlmbm5lC2U1qbmi5ak0ZlStILc1KlN9Ofpw9fQ48vF+a/S/mu3CK6YhQACilEoABQAAAUigAAlAEoiwASw5iAIogUAAACUEogAAEqIAAACLAAAAAFAASiLAABKiKIogAAPrd+Ho36IFVSENyFQCAoysWakl3M0ihRSIoKFtzg3ykRCxKJQFligAUUUupc3SaxjeLiFsi0mrVVqalqak0TN0MtLnNLCROns8fTF+q8ns5cfD+a/Sfm+3EjeKlAAKLKUlAABQAAWUAAAAllECwAEDmIAgAAUAAAABLAsAAEsgAABKIoiiKIoBUogAAEogAgAAAAD6vo8/o36AUACLFSiKJUWwhNFypZaiSwFJYNZzkubLAIolWWKJVIoigVVbljVms43xRDWFCpqWoXesbmqzVrI3MaS2LEpmSrCaT0fS+T7eU4/nP0f5zflit5AAFoVFgoAFAAAUigAAQqCkLKIBLADmIEKlIAAAFAAAASwAAACIoiwAAAAAAASiKIAFAAlCKiKIAD63fh6N+iFWLABKIpZZDWRQiqWEWxAgskSyUiwSiVSKligAAAVZbqGlmrHMmdS5iqihqWVNBYaqCgamkgEi51BM9M6L25s3HxvpfNvjitYAAWWqlRZQCpQAAACgAAAAShAASiA5iEolACLCwAUAAAAABLAAIAAiwAAAAFIAAAACUWKIAAAAI+t34ejXogtASwSxUAgqC3KXcyWxBLCLBKAAC2WKDZec1lFgBQLZYtlWpkNQy0TM1Ki2FhUCy4LYsBL04l7zlotVJZbLYl3rnpfF4fb4r5KlcwARSlBQAWUigABYKlAAABAAABLADmIAAASiAABQAAAAAEogAgBKIoAEKAAACKIsAAAAEoilgAj63o83p16ELQEsEoksVKIAJRFsACKItXLSM1S1qXGtFzNYM5q5iwFFWUFUBYgJLKgQigCQ3M0qEsQqLLrGjW+aOiFusastzY8Xj9XlvkqVkEClBQoAKlAAABQAAAAgLAAQsADmIAAAASiLAAoiliwAAAAASoiwAAAAAAAAAAAAiiKIAAFlI+p6fN6degLUogIsJLFASxQgFKM2hKlW0zNRZtqJalk1DOOnOsLLkAbUIFJpZZNCZ1lTWUxLnUpCyEpSLkqUGzDtZrjew5NrJ0xsY7by87edZ+f5vT575JRkLAKlFlFlFgoAAAAFAAACKIAACKISMAAAAAAigCUAAWKJUBQCKIAISiKIoiiKJQlABKIsAAAAAIogAX6np83pvoKtiwAixcrCLJQAAUAtlmqlijNulltiTSMtSs8uvOszRMqGghRZqG1mpn0eeXJdSc95swsSLay1STSMNqzVJqpbrCa1c0akNXms665WTvjPSPkef1eXp4QYAqWgKCgAoAApYKiKAAAQpAAACKIsjmAAAAAAAAAAFAAAASwACAAAAAAACiAAASiKIAACUJRfp+nzem96VqBYsBBAilgIoilioupqUFVqWUlUURESpjWUhai2JKSAuppd9Ofp5dOXn7cd5ks1MyyySxALZVRkoJWiVSKVvGossqLElLL056k+d5+3HXiBAsUAKUAWUAACgFIAAEKlEsAABCwBIwAAAAAAAAAAAAFAAAASwUIohSUAAAAJQSwCAAAIoiwABfpevyeq+i2VqLACTUJNRYoiyVLAUmptRZZpZVJVJpKILmZ1kzNSzNoiiTQxbRrOjv6PJedxz1naCsy5skRFFIKlFUELc6ltajOptYQZ3LMzUuFivncenK+KhkKFUEpQBZQAAAACgAASiLAABLABLDAgAAAAAAAAAAAAFAAAAAAAAAAAAACAEoiiAAASwA+j6/L6r6NJWylgJNQkoipYokoi1ZpZVmoFVZc6UVKIEmdSzM1EilAAy1EWUplRozOmDGN4syqyBQGpqWxqXCrHSalLcpenXLzX06w8mfZy3PNemOkxOmdZ+TjeNeILkAFoSgoFlAAAAFgqUAlBLAAABLAASMAAAAAAAAAAAAABQAAAAAAAABSLAsAAgAKAAiwCAAPo+ry+u+lZpoJoBKJLCKBViolpZVBZRZVlmggsEozNSyTSzKiAKJKIUZ0J6OHrzL4vf4ExjpjesNSyKJalWyWFLvPSWVqJ16d+WJpOWNXNZZ3pPN5vocenTwOuPRfi43jp4RbmAqVQS2CgWUAAAAWCgAAgAAAIACLIwAAAAAAAAoiiUIoiiFIoiiAAAAFIolAAAABKWKIpIsUAACLIA+l6/J63pWau4qUFSiSiACALZVWWUWUJqgogCKMqIssijKkTRctDF0JKSWQ1hCZ1nSTUM1QalksJqaNaXGno4+3GGp05cs3SYy3Dld5u7JThw9vDpv8ANZ1PX4AsAAWUAoFAAAAABQAEAAACCwAEDAgAAAAABYKAAAAAAAACKJQAAAAAAAAAAAAAixQAAj6Pr8vrelRsFBQiCghKIoFVZZViWiatlCpQgUy1Ek1KiiKSLSWpcywks1JNQzLEksqTWampYFaksGp0i1ca6+rj6OXG7ms8c6hk523eZuOLeXTfLrLPyMPd5AsAAWUWUAoAAAoUiyCwoBAAAQsAACLIwAAAAABZQCUAAAAAAAAAAAAAAAChKEogAAAAAAIAJfo+zxey+nSWbIWpVAgAgABZVWJaJaFtlzaJaUlWGdwzNSyKIoKiVTE3mzM1mpNZqSkzNQznebZZRZZZNQvTG41ZrGvV25d+XmpXNy6Z3i22zGevGXry7cufSb59Lfxw93lCwABZSgUAAAApYColgqCwAAAIUgAEsjAAAAAAFlAAAAAAAAAAACwFIoAAAAAAAAAiiAAASiFX3ezx+x6brNbsJalAWKEqIolFlIKUWVZZVWUqW1YmpYTRM53mooihNCW2TnN5rE3imdSszUqSjOdQyFWUShvns6l569Xo8ns5eaXO3OZ6ct41sSY3jU3jpy5ds6yt/JLPb5bCwAUAoFAAAAKFIIWCoAAAAIAACLDAgAAAAUAAAAAAAAFEUhSKAAAAAABSKIAAAAAABKIAF9vs8Xrvbdxp00lmglqVQgUhVioigFUmqItlltlzbQtlkoRncMNDFujLRCiY64OWembczVrGekObcrE3DlNy2ALBYO2saxevu+f6ufLrozwuNWzOpN4stlnPWOfa56cbn8vLPd5pSyAWUAoKKAAAFICkgAAAAACLAABLDAgAAAoiiUAAACggsAolAAAAAAAAoAAAlAACAAAAASiBfX6vJ6tdNXK63rCb6ues71ZZoSKlWgCFlUJVlUqGpZbZc20hqVlQsqSVTF1pMTpEjZMzpU8t7rfI6Zbk6ZXE3K5zcrnjpms56YtSgC9eW5OtxcX6N8fs5+aUzkzZbllbG7b5fV4tY/OS59vnosiwoFloBQAAAoIpEqWFJZSAAAAQAABDAgAolAAAAAAUAAAAAAAAFJQAlAAAAAAAAAAABLAAD0ery+rfQS63Mpd3Fa6b4s67ues71ZZpYLYihVllFlFGpc1ZZbZZLrOkBKpGiRZUKShmlSGkxz7F48vZGvHPXi682fVya4TpnWueOuKxSoolC9OW5d9eFw+nr53p58OxrOOd3IjPC66fM7eX0X5Q9HjBEoAoBaBAUABYKAAISiAAASiLAABKOZYigAAAAAAoAAAAAAAAAWUAAAAFIoAAiiKIUgABSAAijt6fN6d7qLqpVUlqJrVlXWsJrreOs66s2a0llolWWWllWazRUtIazpATQk0VlZpIE1LGbQWVJZpIosLGOkPDjtzennnpm6556Z0zNZpKFza1rFy3cXN63lZOk5jUl1M+f1eTXP5Y7eEAAUClACpUAilAhQAISgCAAASwAASjAgAAAAAAoAAAAAAFJQAlAAAAUlACUAAAAAEoAAAiwA7ery+newtBbZZoFtzZd3OptEOl56mt3nvOtXCXpcbzq3Ni6zrOlVKJLZQlTQTViZ0lQEoZ0RKBrOklCyrlNZOfm9nmduWemXXGOubeU6ZrDU0jQikAAqCoR5fV498fnjfkAClAVAFlUEAABUoACAEogAAAIAADAgAAAolBKAAAoAABSAAAAAACgAAAsABSACggAAAACA7enzene1LZRRZUpViW75mumdZlXI1rnV1c7l1vkzvvePTOutzrnq2aiyxLZUlUoZtiTVzUWVKlShmgWVFmkgs1kGdZXjx9fF24NZdM51m2LKg1IssCwEBSLl4vX4tcvGL5gAqhFlAFAAAAFAACEoiwAAAAiwAAwIAAFIKsoAAAAFJUKAAAAAoigAAAIUAEUACgAAIqJQSwAA6+rz+nW4s1RF0llixQBVusJahVg3vnrOiF1cDv6PF059fVrn05WrEUGpZAShKClZWEoTSEoS2aSXNssBLhdc553S8dZvaSzQjWQsIQLBCxLES5eL2eLXPyhxLBZQEoFlAAAAAAAUIELLAAAAgLAADAgUlAKAAAAKIolAAAAABQAAAAAWUCAAAoAAAAIAAiiLDt6vJ69bSzVCFlVEWhVlUIBQFheucpbc0u8amum+W8dfVvydeV7XG5FlmQKEXFrWs2ZWVLYShKQ1ecTq44t9GPPG+mMRu5znV1MtLEuaiwSyoSoEsshLCS5eL2+G489hyoAQUAKAAAAAAAAlASiAAAlCLAADFiKAKAAAWCgAAAAAsoigAAAAUlAAAAoAAECiKIsCiCAAEo6evyevWw1YIItAWJbYUslAABVlWpYus2a3rKa6MazrfXhc69W/FrM9jz6y7znpJrgr0Y4Q79fJT258tmfQ4VeueeTtnkt65xLdSQJNQiwQqS51JbCKqCyLLBJLLES5eH2+K8+ImABUAFAAAAAAAAAlBAIsUAABLAADFAAAABQAAAAFIoAAAAAAKJQAAAUAAAAAAAAEoiiKiLDp6/L6tbC2TUIKBQhRQlBQAKFFlbxqXdmpuUlWF1c6zdXKNso1M5s3MZOrirtvzI9DzxPRfND1TyrPW8g9c8kPZPHLn2Txyz2PEufa8UT3PDK9zwj3PCr3PCT3TxQ9s8cufZPIs9fi1xZyJipVAFQAAUiiKIsCwAACUAQLAAACAAAyEAABVAAAAAUlAAAAEBSiUAAAFAlAABSAFIAAAAAAIA6ery+vW4i2zMNzGTq4w7vPI9N8sPW8cPa8Mj3PAPa8Q9s8Y9byE9Tyj1PJY9M847ziOrkOkws1IAAQAAAEACgAAAAAAACiFIoAAFQABZQAoAAAAgLAACUEBUsAAAIAADIQABYWgAAAAWUAAAABBVAAAAKJQAAFAAAAEoiiAAFIAIASqgAEpYAJAIqoogAAAAAAAAAAAAoAAAAAAAAAAAACoKAABZQEAUAAFAAABKIAAAJQAEsAAAEsAAMhAAUCpQAAAolAAAAUigAAABQAAFJQAAAAAAAAACEqooiyAEqopYBKIogAAAAEoiklBKIsBSKIoiwCgAAAAAAAAAAACwAoAAFAAEFAABQAAAABKIAsAUJAUQAAAAiiLDIQAVYsKAABYKAAAABQAAAFAAAAFlAAAAAAAAAAgAAKAiiBQIpIsUBKIsBSAAAAAABAAAAoAAACKIolACKIoShKAAAACgAAApAAFlAAAAAAAAIAFAAiogAAAAIsMgqUAAABAFFAAFAAAAACgAAABQAAKJQASiKIolAIAiiKIsCwCgVKIsAEoiiAAAAikiiKIoiqgCiLAAAAAAAAAAAAAEAAKJQAAFAAACgAAAAAAAAAgACAUCAAAAASwyBQAABAAKAFAUAAAACgAAAUigABQAAAAAlIAAAAAAASqgCxQAEoiwASiKIpIoiwAACgAAAIoiiUIoiiKAAAIoigEAAAChYlAAABQAAAAAAAAAAIAUIAAlBFIAABKMKQFBAABSUAAAVZQAAACgAAAoAABQAAAAAIAAAAAAACgAAVKIsAAAIoikiiLAAAAKASiKIoiwAAFIsCiKEoiwAACwohSKJQACABSUAAAAAAAAAAAEoILCAUAACAAAA//EAAL/2gAMAwEAAgADAAAAIbXeYwwz/wD/AP8A/wD/AP3zDD/jD/LH/wD7TUfDqgslo78cUQDo/fPoxb/wxTRRaRR0yzxBCAjqkvsIBDHghqDDfQ2x4nrksohjjjrnrggktrZQQww8+/8A9/8A/vPLDHT/AD9+w044QXcAlvvg69iQxdZbQcBJMPDDCEALMMMGPTekvrvjnhjgQYbRJJPtvw51wvvjgggsvvvvvvgggvTXSzwwwww89/8A/wD/ADzz06z8/bX+8gjvugg/Z+ghuHGAP6zx/Uf5/wDbLe829/tjhXH333jAgxjiCQpI4r/tdcoLa4IIILL7776JIILX333+8MMMMMMMPMPf++tO88/PAQ77qIY9+HWILKLPcQABQ7Y9b13Rm3KrcnTdM++5LDAGFw3wCxBRULX95K4Lb564IIZrIIIIIJb333333120000000EFHf8A/Hzye6+yGCM4hh1lDfvn+99dNNOuOO6TzLW88jfGTYEIASy/LnBVz3KSvnEB3ruuKe++uKCCCSCCCCC2FdBBRx19195999999NBB3+cOKGOOQwAIN9jXz+2zsY+7BNtN4MMOKa+KO6BVlds88NtN5xPTyOTD/A8BV/W2CCW2+KqCCKCCCCCWBBBBBBNxwwAAAAgAww0sMQw0888oMM84xle/3mLkrvec0six3TT51xB0YxNVDDLn3T07z39J0gMUW99JBWWWKCS++uuCCCCCCCGfBBBBJBFAAAAEAAMMMIAw8sMMIEMc4wEPP7GK+tAXsNb77D/C79Dbj3uOObFC+KGzJ4+aCCSscN9VnCDtBUWWqCC++++KCCiCKCW+JBR99tMMs8888s888sMAAw0888wgIMd7DH6m+RjwbPCSC23ZcENZ5NIGOewRqnYBDUHJPHfEwwcpp1g9BFeW6KGO++6yCCCCGOe+Ndp99888sc888wwwwww08cAAAgM8oiPPf6co96gZ+62On1kHPeiH7AUwwZqs+97oF9/+kEM89pAkkRA9FRPG+qCC+++iCCCCS2++9999880804AAAAGGOKCCCymOOM8gCe/jDv8ANfCwGzj1UMM4jtSUGCXpl7xIqIt6xjtdTI7f/wDzgBW3Sn3kGVL6oIL774oKIILL77r3333yxAgAARyx777rLLo444YrIAzLMMdvowOfB9puRzVO6BHWI57OR+/cf8dKz2EOYl0WLfLLc9f/AKC/9BdS2qCW+++iCCCCCWu2199dMQAAAU806qCGOOOCySz3/wD98x3+8wXPNwO+lxLa+wjAl3tIPIf3OMoR557SFJudqyzutc88s4zq/wDcGkZ6oIL77oIIIIIoL7Z2lnEAAAABziAIo57vfvf/APPPPPPTzjf9w8kYcqtY5DH9sm+R5vOv4A0mhn4jZ5rZhBnhP4A/w/Oe/iK+PJpq2iCG+6WKCCCCC6CWBBBBAEcc8soAGe+yDDDLDDDzz7jDP/rAAU86jn09vKEAaCFitI3+eNluoTMuJrhzRrBnP2Oj3NAOP+P29ppK2qGe++yCCGiCyCCWBBBAA8884AAO++KCPf8A/wB888MMsf32EERziwLqlzsNFBLYgJg/EJJFaCPpDqasTricW0fUCRvN0aIPYv74Omr7oBT7oIIJIKIYIJYEECBzzyAAAb76oIbvOPf333H3nHExzDDBz0tazuYmrYJiLDIUNBNzcaVA6LhBjD9B+os9nWUQfilCnjb4mkDSoBz4oIKoY7YIoLYAATzziAATz76IIL6MM8sEFEEEE1ziAAzbzsLrUb0reV3eTaB4pFbwDojQJ1xAaDF0ILQKznG5ghtN4h76u2lygDb74JZ77pY6pL4AAATwgAAD74IIZ7sMP/3323UV3GRzjKLKEMqBWDPNGAe3MDIMFWNt+UWEGdri23KeWWS4/SNhAenMLBT4umnbgJZ76Lb777K4IJQBxzigAAK764IJ/MM//wBd9R5xxBc88CGOOP8A4LBSDvUOiEhGzy1cw0NJ33O9NyoOQX2dSipTU4nB96O3BPq8YdegnvvovvvvrmolgIHPPAAAqvvugviw3/8Az0kEGEEEHTgA5777uNAUncmw40v73EXmo65gcqy98Mvk7dXok5BiydE3TkdqG5D6rl1X4IapI777b774oJcQzyhABL76IZ6sP/8A/wCYRRSfffTHAHvvssowyDV3aOzT1+Tw40KS6QcosaqGQiTRZcGhZQXebHHbH4YDgPq3fV6w9qgtvvhtvvrgl3POEAFOtugk/wANPfzgFFHHzzzzoJ77rKMMO/rzenw8X8IVwi3qKiKJDRoJDL9Wl71UVjDzqkn+ShtJu5D6qkn/AKCW+KS+++e+6uLX88IAU886yG/7D388BBNt84w8woCe+CDDHf8Ac5jzb3Kv7P2GhNOJOqZQ98oLATbED6U3XAzaB2fVnrNtAMqqbQ64l/gkvvvvtivgl7OMAHPPrgvuwwHPIQQffOIIAAAPsghv/wD/ADRDzL8V9iDw2G2dcjuWpEssdYJ40enbxdg802APfzQHOchoC+1RD7C3+iC++uKG++if88sQ88+iO+rBA84Bd988gAAAEc4COe+8hBB53gLp1jQMObOy/wBeZPoIDP4hHboFMJvolLTgcx2dhL+gdCllFY/w8ugnvvihvvvgl/PMHPPCktv61/8AiAF33hAAAxzzyILziAAEU3h/0OkhCt60C8AusW/V9iwCPUR0YIaCBiZheezAkMKEGlQpZ1EP4paoLb7qIL7764PDABzzyIJb+NTzwEF3yAARzzzzoJ7yAA0133i5jdwWUBEOXkgf4/7TRq2Tkl78ufckZP8AV/zNnBFhmRrWieUZT3CS+CC+6CCm++6TAAEU88CC+7DXc4AR9wAAc8888oW+5BN99918t421K8OCGrVD7y3sb0Dt3JFRN9EQPmzXYXNyo+jLuNrWCWVVD/rCuKC++yK+a+6DwgAE88CCWqCe+8A95AAU88888ie7hB99JU0GumgxPmu1S1sUmUcw1bsAdsraPy7IKcsrt3wjbn6A9nneyecxBfrW+iH/ALzz2vvu1zCAENPCgsrg9/qgFaQANPPPPOANiwUfffcFONMOcsxSp7Cj9KGfWsfy4JgFTPjzwGY2DZqu3zzwEmu3aAnlXU16gso15/4xz3vgw0AAPPPAkvvglvjANSQEPPPPDCAvgwUfaSYUFl/Mq2vDH47odQrSoYPtG6W8FvvWpgmOym49PkoxuPg/egtlLQ16wwnw/wD/APX/APggxzCAONPIgvugt/8AAx3EABzzzzABT48EH333xQNnhtKxTlKzt43jXQu0oxD6y1nodqcm/wAd9TzySEH1jrBCC+55DfrDHzrX7+uG/wB+xdDABPPAhjuglvKAPaUNPPPPLABvgwQfffXfE1fPxhLcToRwAGii7XJNqwLSunVrKixTxnqacP8AEXJh4kLKOUUv+sP++tf/AC2+/wA5yfDCEPPIgvqggvPEPfQAPPPPCAHviwRffffPvwEMIM8omZR1d2Ts7vMTkTUkZDPBXgSsSUJNHBXUFVTAQgnlFb07yw+w1/whnv4wacPLBPPAgtvy1/uAFeQAANPPPAAPqwUffbfPP8geH2MkfdB1rZgXg0nXUMeWhnOJrGfJuCZbbe5U9qQAQgnlEaw34w/zw89+848wSTPPAHPDhjvww/rAFfSAAEPPOIAtvyQTffPOK45IVfARYi3llz4sOM/3L4kJgxUsqugnIsY9Og7V3O5RTglgHb27w1/8137/AO8OMGnDSgBDwwrb4vP/APBVRsMAw888sAS/JBx598ApYj9dvi1pSgkkcR7DL80marhqmRwrQeymzkGlpE437FJKCeUTvXfjTz/T7/8A/wAMNW0HTwBDDgABL4M/8tEFG0EHTzzzwBPc8MEEQyni5ifsZJtAp67dcOcBDnZ32zue2h+gpDX/AMa7VTg/vEB2CWUBrXrD/wD709808xz74QXfKAENKCAPjkt7wwdfSQQQNNPDilvj7wQQBL8e0+irtwPSEo58INgj68pGgWfXWYp4MsdGzJgY1K9wRglqBf1/yw87w8/6y0+9bQVffCAFLIAEPgg9ywwdffbTQAENrgtv/wCUE3x/GcKA7MfiBLtvoDZ5PTvYDApZ7ZWZP0ILKvP8neeChn4pZBc9f+sN/wDDDXjLDv59DzB0sAQ08sQ8uKS3PJBR195xsM62uOLzz154Tdn8sIhtVKL3iQrQVVovTxZ3ygG4QbyvkwUcFjfTYABCG+UVjP8A4w17wz41/wA//GUNOPzzzADCwDDr65P/ANtNJBBAAc8IQw8LHDBE5hL8sMB9+6xB0DP4a5BEBB1NZyIRSnmXT1/kEtcnA/x6C+A1Dz7DCW6yDTLDT1tVDDz+88AAgQsMAS+PDD3999tMMAQ0MASyz/8A3ePo10AHZTIidQD8VOf3UbSgjmLGvsyoQWdn4uaAVzVDCkvlcYz/AKILaoIIMOttXF0MP/8A++MIAAU08AW/rDTzzxxAQ8sIQ8OOOCCBoC/nCQhEfS86W7rfRB1qi7jxYyeeVtbXbY6bMf4XJ0wGO4RtD/iS+6yCCGPHT9V5BFL/AP8A/wAsEIAU88MCz3rDDDHPLTz9MMMgyyOfI6//AMcLXP8AUwThFnV2kJ482Vze/kNjCZOBSCnhw67ePILagmtcsN474IIIIJJ31GkFGEHV/wA8888gAU8+OD3/AP8A/wD7/vPNJgw88MMHSK1dQY8BzxF3lRFNOHY3v80LU90zw6CS+w58cqxGs8KC/hhnPryC2uKOKCG+95VpDDDBR998888IAAQ8+LTzDHDDDDz39tNNRw8/Oc8dREQ9KGeEhAav7w4Z39Ge0rv06g4UYz2BZvip7fKf9hhD3LD++6CSiCO25ldlDjDDDR19xw0888sIS2++euPPf/PLDDzx9JAmqEYth0JU/OAtOR0tySk1B4JJmfe7kwNKG6KymcISf6iB9Z/7vCC+++iSmCz79pxvDDLDDDzDjBAwk4AwsCSyyyyiiCS2/HLDJx9cuw1tstuOPEAyG9s5Th0TOp5DtaIVGoUfsJiqky9VpoD3JRXHfCCUsOCOKHH/ALScYy/ywwwQQQQwAAAAFPPvijjnvvsjjiks/wD+mGDfsrYcvK3HDf8ANrHsFEuICbHOKkk9vP4em6p8PduwrrW9hVTHrDC08iCSGrX/AIRXZ96wzywwww3/AM0AAAABSDDiAAAACBS44sPPc8Sar+/lDEZYvliIcZI16WN3jgjG0xQeKorkEKu2FZvwdf3h1NaoJb774JKJLb3F2lU+8MPcMMNf/wD/APQDDKBADDDPPLDDAgksvrgl/d18ffWcs3+Pi2a4WSQt3jjsy8GJK07hrh3rL6ai7t41ffFV9qgnnvrigqlvvAVaR9+40xaQ1/8A/wB9988888888884008uuMIA0uCB85CDZN1YXktZZNf3TyA8MAIUpJhUsAGCvVZ9aVhUj259IVP2qCOe+uCCC++oB9p3/HHPfPd/zzhxx5xx99995xhFJNNQwx0sMA2fP41AQZNP/hoaGVHPzqFo/UowJlPUw8KJpj5XPhSgsbBBBpf+iCu+++iCG+6ANdBd+++v/wD/AO8MMEEEEEEHGEEEU3333000EEHSwgfeN0kvENPPii/4HA46NTwHGU6jC8KSNgzQpJiu59Uu1kEGur4Ib7zjbYIb4oR20nf777//APrBhBFBBh1NNFNNd999xRR999tBBB9uIPPIg9+P99uWV3eY+Yc8ca41Vs5Twd+yDLQQfxHP289J9rCiCS28syuOe+CA5dBX++++/wD6w0//AO/333333XnEEEE020EMHH331HjKR4kDBPGDfJO/LYObp13BCu6cnBA578MhZ96EG2AH533ldaIIJ7zj64776oDzkHXb7777oIIZ/wD/AP8A3lnnEEVWH33vP/8AvJBDDT9ITxJ6IDJ4zzNkXWPkVN8z5x8GmdZlCy7nOHN9Jj+rGCh9rWWAA8848G++++iA0oBVW+++yyiCe/zPfzjDDBFN99xDHLnDD/8A/wA89PxqX36i/oQugajGQKbWBu7pddPGeHDl/T47NlF/rctgYHUOhyDzzwDFLqr74IJyyEX77KIIIL77oMMMMMt9/uMOMc//AP8Awzxygw17wedH/L94pb1KUuQ2L6FdYjEDWGVWoGsFLf8ALg0KJYaiwdNZbhXzzywAAJL76JLTyFHrIIJ7777IIIIIY77/APrCDH/7zDCyy6+/7vLz9u93eBd/dQFuQ6ZmoVWTY8VgAxiMFLmdN7MtTJ8hz/8AhulIHCQcAOAAkgvgilvrEQgjnvvvsghijvvuogogw9u4w7/nvjikhhg9y7b3YgH0GQWk+j+sXwHEB0FFRdK4kcFMlt5QEeXzK4//ALyDkWgEEEBAAIJL6oIL7+kIb77KJIILzzzyIII4o47II77b7r7z5474MO9WGVtEfSV+AONF/pQnAGcuNzFD8v120C/JLzTw1gp777wWl2EU0EAAAJLb7oILb8tb77rxAABTziQAAjzzDAAzT6IJ4IAAgDKJa8ufXQrZ3lEABOpWz8XWL99ZI7Y79q0mUzbIDA/mcHdnzSj0GkE330kEAIZb64I7b4l7qIAwzzzDCQwhzzyAARxzyg577zzzyw767Pcv2/MLSgMIHgWmBQqg/wDD0n+mCKfwISvIHO0vPzmvmsAV5VxV95tJBFCCS+uqi2+quCAEc8sAAM888QwEMMU4gAUswAAEww0w++/TqB7E8il2z7sIbXFbCFyY7PwdARdEmtt23fsIcK2KXAc5B5B9999d5BSDD2+uCE8sgAEM8gAEc84wAEcc88wgEM8gAcMMMIEAQxzziDzBwix/CCXB6rp2w6FPN/AgliZREN9pHFnABW/8M9IEZBd7zx11tBCCG2+6C+8+BN98gAAQ84gEc898wgA88gIQ848488csMNHDSqcEsO39zqyCxh7zzixAgQyyyzzxxxhBGOO+y6yCe7DdrdxDDDB9dNKDCW+uC++8F99sAAE88oMM8894AAU8wgM84AAAAQw8849P3R9JQsPLxxNNNFNPDPf/AP8A/wB880w08yiC+6++OCGeqH/jD/jDDDR99522CW++CW+o9988IUM8wgc884wAE88gE84gMM8IMMMAADRx3jRwsYw8MMAAQxhT37zz3988888+++++++2+CG+iC/7Hf7DHDDBR91ojCG+uCCy39940AA8sAE888gAE84AU88oU888888sc+uPNBxsMxEMQ04cMMEKCDDDDBBBBBxxhDzySSCCO+yGO+zHfrDPf/rJBB988Iy+KOCC28IAAQ19g084AAA88wAU88gU8wgAQwwgCDzz33NIQ0sYwIEAAxxzzx9x08sMMc888+uKOPv8A84x3+wxz8wz3/wD/APjBBN9/uK+++6GW8gAAF99B08gAAU8wAA04wM8gAMAIAiSCPLDDDR90sMQ0MQwxz3vPNMMIM4wgwywAOOyyDHPPN7jX/wD4wx3/AP8A/wCyQQTfPvgomvigksQFffeYQQfKAAHPAHPPAAPOAAPPDDjj/wD/AP8A76ZTQENHAAMMcd77jiDEMMNPPOtssktvnvcecYRX/wDuMMMPff8A7nLBBRNf+eCC++6i/8QAAv/aAAwDAQACAAMAAAAQvf7lP/zDf/vf/wD98z/1430280w0YUSMkg8/9m5WUGZuf/BvfW4TRzx/Eee6sOM9cMuFaTU5y0rDGCgs/wAXL6eMdPu/uNLIeNM/1veecMFf88cPNOt+88v/AL//APy01533YWTMss46Pptf9XbX9ztktjthmooojkvvhypcTQbbQedcrrpk8cY6jVXNlw1z4w/zwgkwwwf3y3z3yTw3/wD/APPLzzzxFN9tjPHRlT3KiO4Fxy6o2mqkoUdOb7Hhc/THGqzSwC27tMXjPPf6OE0oYoYu2dex5sif/fvDDP8Azgwxy3764y1//wD20EFHHXHH0HUlGXmWM/8APAEOyGd9AQLjf/zX23KD/wB+cIyCoTKSjWWA8LK/13IQ38jkzP2x9jgaSnix7/y01789+5z/APOf8/cMMMNPPN+cs88889POskH3U05L7A3WGudJKE3hestkpWn2mb4p4sjIIukUYcItGQhHNfpgmeYBgGCM4dcnicd+MMe8uN/+/wDzDfD16i//ALzywy4xww0888z88ydFvGNDCTz8yzue90fKELnb/ri085ossNISJRTb2/vlw0xLPSPc40hpxjkPw61Pzw/6y1yaw/df/wCvcNVPPPPP/M847rL757wwxq46J7tOMNO8+OU1VgP0iyU+FCLVG+Dr8Mmdc+q0zXGtM/8AFleRR4//ADoZcKvICvudfy8708Tbx/8A/wD/AI5x2M34w2cZQEAABAADDDHPDMJB329/0dTfTg89GMEnV6wCu7sy/OH2ecQbAMYMl/618f1aMQJLBoyFfR7/AGwKskOsOUEFHd/9tP8ALDTtLDT99tMMs8sMYs4wwsMAQAZzjDNRJJQm/wB4FHLz433ypmvAL4AdICRTCjs2nQs+F7R+1seLXkvpDQSPtQ+iQ2y28QUe002wwxzzyT36fTdPPLHKAADDDDDHOMHQcdWfeVX/AI5PTr8b8ITJjXFxc3ZPhH1k5udchQ1ArDh9C68knQzyrM4iHR0cZjNOP/0HV+MsNMNPffk7L32AAhAgTTDCHecssNPM+sM8lH388plkmJwwUXOWhP5GbAVpN7N3enS2+mpX2mNG3ArRibK1ky/1H33lfIUMtX0F38se8MPP++3LL8EhCzTiARiBP/Mc8/8ADDf3/HxN/OiFFAuSk2rKwydoiZEskOaiE3HzPYEK1pMLeaqxc9INc7DLGd639XKFNrVpR1/jDDLTDXvhKCDhws44wUMIH373Pf8A8w5xiltujtkNIc/mOXslAT7MlSQagYO0y5Du4Rw/4Uw2Z+WMYCydOLcs474y091fkZ69fcXe08ww+y475Ylpz/vrgAHBXc+zw5ihGkMDBHKgnDGXf7kt/DVK3ZH9fnewE8F9JR2Jo0+BX/8Aw4z6ouMrEbIA3+58cAI9nT1uN3kXlcsMcNMPsMHbvf8ACGcQwxVhHbhJyyw4ww2MMEY4NB1y62xnn0XEH0nF3ynKPtPEQRiPkXMYJfQugA1FzuLVrx9M1VnK99UJLrxhR9zfP7vDxDHFfPLiC6AAE55P3D1BMYy2cMMAgoE6DfTEYddDuX9DFOhb0yPubOL3zP45r2ZciRjF+wXgAi2tPXkKSAJC+XgtF5/rF5D/AP7/AF3sm1XfsKJwgB33kfsNfseYxwgMMP8AjXvv+a+MMZwUTGaQ+vygynbiX1F82qPACO4jKN1COB88bsTvAZMG9ySI+JQXbpPjxBR3X7zL91DhmSG4wUZBF9/Df7DrSyMJDzjzzzvSmYwIrJCtL+Btn/XtD2No0SvK9iMY79BxKs9LsJFRXKuP4FiwCDih+vRenrXJB1TrzFNrzXTpuKCEM0pJB/L/AMx0xsIPN+/71x2z1mJDnz0AjXTJIlVrTpowhYIWnfULNNqiJ6Gz34I6Zvf4WqonneW8a8Cxbie9aZfZyZfYTVf8Z0nnpFOAQ7+8/wCMo7AzyqMO8c8/nygDKd887q+iFGR6EqrKbJRuQZaWYchX/wDq8VQmlSZDDBEomCNqtZ07IjZIKRdhV9/Dd9tbhdVDie6g88Cv/wCx4+9inPPws/eUeYQdLMDm887ksPZZisdIcheDfCTgXyIoK4grRXyfr3jJdPTO1uKe0xphr7CkdinVeaXUQXdaUZdYWBjvsLKE/wCN+dtQjhAAZuUUn3X0xDB7IN88gAytg7r57r3rN8ELH9iHW2xxMLohh/Crt2gbjV0hNiT7ib8CPVagjQmFEkHUXX31E1R7KSyFXvefNAr5DSMevNHFzjDBaJ/sc9raCyrKzUU8Uzx15YzSudapoQePkRfqwQ7IE5sF+qoaqvR3U+dSoGIBFWl021FH121lHQjiDSlX0kc8WgSDS8P+M01zQwE1EN8PsIMdnNlShsK97j89EOujFMSuPafxBMnZefBVdELGZkZUsoliNhM2mG7wDWj0W8dV33Umn2CQQyF0UNMP0TCN/N78PkARx3GGHs/ufrCA2/Fp5qGq+xnK99Fc3eJgVjXknn3kmK1Gq0P5kSEq7CuZL6PFd3pxhUj2XUF20kXGF1jQBBG3ENs/NSoO88N/8CDzDGEVGXs10EN78EM6go+0RblJKUyo1JyMChRdDLLltsDENWCqr7m9cqsp8Zs+/wAus0EN51hFzJFvJB9MAAMdpB371OUc8vdDfBEs4ANdhBfpznf3ynNqnL8mSyaY1WcWZbcNm+erhpnRgqxDYOmTWkilWfwuN9yrJ/16UVdrrXLlbhJ953RoMMod9hfrVi8X7D4CfgcwEc59hHpdDfzONZxAtUPdMtPdISuUPoewOJ0tKblhctyuUp8rFBRFjd+kIapJB34yE8Xv/PxDxFZl/rlI88EV5BvvvmoULHrThM8AcoBBBFV5GqO7hBJEFNcnQS8xwDLJnG/3hWSf89D7q8/p9oJwQiwwWZTXYGppBr9+AQo/DdNDXxLrzvFoMcsF9J//AB1w3bQ6/wAXjRTgAEEHtkR6r8vWgirJub32LMgh26Br2G6WXNVpGR+Wlh58AZ8b4t+OtTPAnHXWfRr6AgkFHgiwwxvWsSjDThGEHe/NMjQFXMNXyDTwAEEUmPQJK8MEygBepwIXwkoU77gMqpE34/ncU/8AAOLJ6T4I7/kBmLKarciLB312Eox9NIgaegEObL88s4g9hB/b/DNFpzLn1sQ88sBx1rr8qSPX1dsqaFH5gPgcLbp0H4694mBCBsb2baSj8y5mTIZvgQLosN+9F/sGQooA9kGKc8UWh98Qw0M5FJfrvFpwgPPbNwAc8gBN9VrwOC7DBAopMVRszzN7O/31Jcr7odhwHaNZycugSb9qO9G7e8pc9qDA9XRSUgog4c4oW9tFgIASIw8BhBzHNltVrXBvV4088gBR9nj8+CvDBhAtcBJMTCBr/boDTjKFypNXjkae2X4skLnF4Yz4kNOlxvyxNqJucQoQAUoKMxldoMUWMwkZpBbD/XdhrDTrB8A88wB1Zfj0iG7DBACFoB2NTK5e73XmIBYoRgHCRZytAZQUjLVvoaA0UWTvABqB93o7ssk48YAqWDFZEYKLyKSN1B7DnK2UpHDHF8AA0IJB9J/UqSvLRAAX6ruAX9a1ljhi3Ix3kTmin71j8DJlq4ge9n038CBSr1f1938fp00g8UO+coGOcMifO6ChdNjPPq+C9TPXB0YAQsBFdv3I2uP/AKAGC1PVwP6hw5sMdMOh3sBc+mCBDv5mFT12KPq3NZe+h8yBzc+1K5ZZTGMtqoFBGPEDvMotqUTeY975sLAPl0+MAMPLDUbU7Ng++/8AwChqfOxOXpMPI/8AP0A0FjR4oHO9KxzPE3/Yasr+C3TPbjzN7nANlp0ksO2mGyiCwgWBD2qoQhF99TjqM807DTZtB088BB9SkwsLDGOoZFgmHQBYiyrFQ81lfIDJM5WFvRSxyq292RfHMFh342j1B7g3p5h8AAMsKOuO0M85PPKUMQlV1NPzfkY8L3719NI00NzDXPwRPPOR2z2NAgxsivMTGhuRuR9tpIp8rG+1LDw886J69FHTcQiFTr8b9BVY4ckGeCWqAM6HDT/u0oVdd9Zv/uk09L3PBRxMMYnTr3OJb/xFaDaolVAFD0jC9Ub213MrescZCycp7bdZNwuxaIu125a9brUZNJ148kOKCmAYAsOXBxDmSuanNZZ9b3b2w3vDndJhco23bDGjBHbZYlamflyLMzI1IVTe8hYMbPLUAvOE9U6JBO3BMGoWrACBYXAPswQAUgu+iee8MEPNtThuyiOiyZ9x77TadPbz3PNIAcsEQgM2INXQvd2iG/CdPLXrWqxhotWuzhVC5VuhGk/JLODsI48PN8y5dDUjQcwAttD3eu6EYmT9NBxsKC+quSRBpTryBB1PPPf8IMQkwMTzyNNtgOSN+PMttuX3xqzx8QozNGcAnmKyqpKxzI6+nRuR38PKMe9awQdpVZp//wDoqHGjaYQfeaAMpvrldQfX/nnHccc8wkjkpmjP+8zzxbPhCRGsIBqdk1wnVtbOQlQAFnolOxgfncr2EpYm/s08wkiOxjEIZQQdTz5zJECmZU5yffQQkupjHLTcb8oBDTPeYdWcT8sgrcw/5UABCG8ZWc5bCKFa4kLVoQHwys/SwsLcgdLQZanmeMI8QmuH/IglIcVQ17+w0UgsdQ04w93XjjjgCAFXa8w9rzjjGTXc4x6srjOICGRPsluj33mhnMnj7UlkVfbij62c+dczgz78zj91ZgfiFl/dsPis/SRz852z/YolAdefQ0//AP6747Tw1H1+ZrIIYIEAziQ9vPN3zw4g9+btpM+M52sMjc6eOJcVtuDV55TMXWL7R6iCe5ya1iNXXZRgpIPf8e9+8/UpRjn572EFPf8Azy2+KKT1Tn/Lvfy+uKy2NJxjPnMr0c9KLf1AC8D0CJIboBmHPYGLtR0TV8eFF+tXhitjUDmdFPosEDPHH/zvbvy8iExH88EJFBxBhHCym6CxZvfzzz3nvLX3KoFMGrP0URkZkI2PI29EeqwjPCMunmArmJD9npt7RMhkTl8z0rfLJvAY+Hf5NPHDHOGsagwH8AkOZDHDf9qoCGKUNDD3zDvHPD/zHZg88WvkdDmnmPNahxIb2ct8Hor8aL3xWpbwTz3Fhh7xmlC89RiVxvY8oOfd9jDH/aUIekZHKW+y2hN99hBzuA8EAUgw4gIMMQgFTz2u6k464L0dTnQmPZiziFhIhO7wmH69isdtfySd11aLKTY3SOrB4XYp5x7nf/DrDTFCOUV9zT/8JMIHrBBJD+wwE4sAwwEAQwwPPTzPbtUfhMwNVJKERPxP4fFhrRL0MIi2FoJGhQM0OJhG4NwyI+pF+v8AG+94487y+50SQ/lOZy537elvKXbTxywvrmAAANOPONNPHksNCNOgw2/zzFz36biyRi6r5ivkqfcR7iCbNv74JXKRLLMuQJImdWP4Ha7c70xwxw8YRwukYwuus4cYlMdY88/98ffffecfedcQXOMZHICB5IyezGQDEk+L6vvCKKM7HhWtki26hDumf87KwLS6ND8wQdQ9F430w494wx8RbziAXU6w0wwzLADP7/7zzw85z/8AvEEUEHHM/wDD0YEKSej0isaS9V/kWsW/plSmyNca0wHN1vUUbeAWjpdrVLlf/wCbxx+w8edtkh7ZR3uNKwwwwk5yAtru/v3y88+885z3zcUU/wD8pI/8s1OXKx50i/geg2O07Z9VJXe2G+GLAut7o/8AZEqsl79MpHJ3CsXnHvLVNyuOeB5z64wyDjPrS+oQsBBRDDLDf/n7/PPXzzS+IDzPHDb5UraaBxaz8iwda2QgP1CWf4wx9SdKb6g5qho5hnphU1dCTqLjP/mM4+uO+BRj7OokLzDPLbDT7gt99/7b7zT7rfDHJwMsQ3vNNRLkh/41JO7IiV0WIJC1eGPxq3dw2RfqX8c0OE6RixKHlAuOIvLU8AQ48G22+BZj33AAvf8A/wCPPf8AjMxNdxhVNfbzHPXJYkoMANNM85ZO1XhBwCAx9lZM3jNyv02u984Zobqrq8CZYm9/ZbZFBuG2EJ0kAQUAxSyq6B1BbT+mX/ThFf8Aw9+1gAEHNILOIBKGMPBHPMCtzLHHL4HnqDf+jowb+1ZJ/gzMdVhyi23gCSsZ5wVampZK8DEOEDwuLTPPLAAAkriXUdw3ku8wR4gg/wDMP/8AvLzDAEoBU4UYwMDz7pNOqOMhvxA5+6lNuKR5aeVQ7wjMCHT2bKQJ0aSyHiMzM0LZpBN7fs00JBwAoACeKw8lVpX6Fdzi+++zPL33DP7vLjG8JIA0yLjDznfLbuEhARyiS4qYo7EZpuglCPs2ez/HbEyY1aVBrYyPHwPWtArR0T7oBNNEQAOKQoU4htoWd7TOyiSW/BFd9nLXznz/AAy0x97+/wD3/wDzD+MYovqGaeu3CTUCyHMPn+dfE4CrXYz+OrbpT3ovMxkEsD/UZ/3vZx9EE8CS0AEsB1EkqCe69RN9td5lBd1F911dxJPDDbHNNFN/rfak9FUPtj4HGljNmHj7gHCjY1l8FF7ceXVwQvgunEb/ADvdKFVw18wQdbTAjnqkuLZUftuogdMBDMNKktYTbY3u4/8A01OM8100hDMNOIYxUu9fukHB7UE39hYBMK+gnADUScUqqiBbmd0rv+/K4St8/OsIZPX3m4JIxASnHVUYZziBSwBzIY75L5rLO/uM8lHGkk3HHTE8sL60A9yU7TfzXeBXoVHg1dsWk/W3t1FOGu45l3Y1ND7g6Zs8tce4pe0X27OPAhK0dNORzjAyBTqABrJ7qK457KxjDSRyHHHEXmVWDIZUvfkh8YOx3lQ8dmizxdx87mq3aUBptu8stigIyQ788ort+PnDKaFHmpLYQgTf1OFXElyBTCwJr7qILd7KJYQAAiwAp3m02lHHDooAls5//iDq+xDNNnCLKCH6sEw498U01j7n3F3HnAyDlWf2dMVwgL0GHb8JahCu/wBr5NduA04G+qyyCCf6e+qcUswA4ANpBRxtNJMqr9pFQ4znhB9BBLDB/wAYw14gAQyzy4zXfQJMvjgstqCRYXRZffKO/aRYitlgBP38V3//AL5qrJ7K6IIZ747oL6zgTiZDEHXHHE005CAN9mBxCAzDAyxDONHTvJJbw3+8/wD9MOOMOOW+EKOGOPd5g6N5d8rTtBUf+GSy/rzgH/K2CeCGe6G+ei+6CaKIAcoKd95tJBRhDTyhNBQgZwiZmqi6CKkMPPPPtNDDOyyuM6zVcOOyGSay+zbnoUwgAU3DD9sA06r3zvLzWKCCOLfiKC6CO+CGyeqEcgAV1tBdxxhPO6y3n5k+8IUIs6OKz3xiAMAFNfz7jDGONf0y3fPzjbn7PbzzEwsBIAdLDN9rSm+KLHrXeiO+/H/DKWiC+qGyC+KY0QMhNx91J/v7y2+v/RtkYAYE6YmjBEe+8xhFB1/v+8+OCCwyOCjz1bnLPfjD4ghtBE3rPN8+q+ubP3/7z+rDDznf/WqCem+2iCWA8Axd9BBxzzyCSCCTVZx+ekocKgDDGabz1Bd5xnPPAEAwY2OuMA4995jf6jPv9LLxkYx/tRNfKi/DbjHf/8QAPBEAAgIBAQUGBAUCBQMFAAAAAAECEQMQBBIgITEwMkFQUXETM1JhBRRAgbEiciNgYpHRQoLBQ2OAofD/2gAIAQIBAT8A8hemy99+2l60vRG7B/8ASj4WP6EfBxfQj4GH6T8vi9D8ti+5+Ux+rPysPVn5SP1H5NfWfk/9Z+Ul9SPyk/VH5Wfqj8tP7H5fIfl8h8DJ6Hwcn0nwsn0s+Fk+lnw5/Sz4c/pZuT+lm5L6Tcl6G7L0ZTKZusplFFFFed7N337djZfHZel8Fl6WX2HIpehS9D+n0Ry9EcvRFR9EZ+/5zs3fft2Fl8dll9rel9jZm7/nOzd9+36Syyyyy9bLLLLLLLLLLLL1y9/znZvmP27Gyyyyy+0sssvSyyyyyyyyyyyzL335zs3zP27C+2vWyyyyyy+G9LLLLLMnfeq/V3w3+m2X5j9tXo9LL4bL0vhssssssssssvSyyyyyyyyyyfe852X5n7foLLL0ssssssssssUiyyyyyyyyyyyyXXznZfm/to9L7Syyyyyyxssb1p0SPiLf3UfEj6ikWWWbxvG8WWWWPr5zsvzf21fb2WXpY2YkpTpmROEqMcd5HwykShvD2e+nKzPinDJy50R2iVpWKXI3jeN4ssssssfk9/otn+atH2N8VllllljZglWWJtUbhvLqjZm2mMbN5E3/AEumZ5S5pIj6tGJvdVssss3jeN43jeN7zlmz/MXa2WWXpfDJinUkzeU4J+DRixODbsmyc6i2LJJikZYqS5NGTHKPPdMcuSN5G+bxZZZZZfnWH5i7ey9GWWWORKQ2bHtH/py/Y3xtk5WLxI3JdaRUEuUrM8mklb5kXRvG8WbxvG8bxvFj7B+Y4vmR7W9bLLGyxyHIlIx48WbGmuT8THhcc0fRMZO/BEYxXeZmxcriZp/DhH2Medtzdn4ftDy5njmlKuZezZ24/Dp+qMsPhzcbFIsssvW/OsXzI9mxvSxssscixsbJSJOzFmeOaa/chkhktxfQjP8Apdjm/UtXZ8RPkbW7SS8Bzmt6Pqz8Oj8Oc59OT5kdqjib3Fb6WyWVzk5PqxSFI3jeFI30bwpc0PznH8yPv2b4LLGyxyGxyHIYzZMUo4vuRk6aZkfIUpNk5yhC0rZjyTyzkpqmjJFQttJjytqlyWtm8b4pFm8bwp817+dYvmw9xj7BsbG9GxssschsbHL7lkMTmLZo3Ex0iaXUyMikuY7HfgjaJc3zEyyy9UxMscvQhvOcefj51i+ZH3GPsGxssbGyxschyG2ORZKVGPO41z5ciD5CZykjLFpkZc0Zsjiugtok3TXIztczoXzetliZeuP5kP7l51i+bD3GS4r0YxsbGxschy/gcuo2OZv+llkccmjH3VfoUJtE0ponFxGyaS6JDi8mTl0XUzegqjE3tL0WqZh+bj/uQuG/NMfzIe4xj7BsbG/uSY5DlY2/YbXqX6eo39l62QxOUbsjsr3k2+hCCSE6FJG9Fur0kk1TMuJp+qMm8Rj8OEmyUnKWiXiNfc8UIv7i1wfPxf3oXnOP5kPfSQx6Mb0ejY2N9ST5jZfLxGyUr8Ubw2YIpxj7IorSMSaN60NofNE4LeZmSUG0xMjGTjfIWP1JJr2KQxdRC02f5+L+9C85h8yHutGS0fCxsY2TfuWX9xvqUSkYofEmo3X7eDMcVBJITsoXUTMitGyzm5ZIy8HyGtMqaZN3ya5EsUKuJjkospSVoljT5MlHd6lM58tFps1/mMX9yF0/T35FDvw91oyQ+FjGN6Spju9H16j+38D9jZPnpEOrYnelCJtJWzZ8je1NRVxfVjiOJl9jLkS5UObk2+jFJOm2QluvkylOKfRmaPJkW11Gjw12X5+L3FwLzWHfj7oYx6PgYxkhv+BvST/hja9RvxTemy8toiIiqRvNMT0yx3otGHFHGuS5kMly3fEZOKkjJhRlwT8I278BY5qVVz8UPBku69DG3F0ycE+fVGTEnzocVQ20QTldIkmupsif5jHy8WLzmPej7rSSGMfAxjJEiy2O/XwJV6rXY4N5HKuVURQiUPFaXR8S5UNmHnlv0Q3zolFpWPJ6q0PHjlz5ojihF8lzN5quRLFDIuapixTxTp84s2h/DtV9jHjU6lZmg03S5XzMKi8dpDim+aNk2aPxVO+S4V5qusfdaMkiWj1ZJjJj/wDA2Wx2N89ORghuY43RHwExDJHJC/qdGPEoE1fMi+VMyYoseNoSo32RzN71xdIg1JWjatn+JBrp6M2fG4LdZ8KLXNEdnqL3eS9DJja6xNi8V50uq99GMcBjGyxsZImP/wADGW0O9IvnFkFaiLS6GTJyfgjZ4Su3pPoJ8yXMZSEkQqyONY8jroySuLRilJZXH7siroolFVzRjxxg5NLqvOvFcM4vnyGNl6yJD8RoY+gz/cVuSXPmzHHgbJMxR3p+tEElpOVshGxolyZZGXMqiU65EZWkZcTW0qUV92RVFj6C8fbzu+Bk8foSi1qxk+Qx2MfQr+Uf8fwQaWWDfhIhkha0ZJjlNukybklurnIw4owX3fUuhyErE6G7Jq0U1pvSHjcnF9KemWe64z8FyZGVqyyxPr7eYPs75LR6MolFMlChj0kSRKvsP/8ActX/AM6fFyJdf/s2PPOcWpL2YnaGhyrkuphxtNzk+bZvF6LWWm4hLTkZVeOS+xs2b+hxdXEWSLfVDyIhJO/bhXmyfJavVklyJQJRopjixxJQTJQocWbvPoV9iv5IqNptEM+GMUkYnvQjLmkxwTFjjHohjdMjkEyxF6UUNllm0TksboeSTbd1fVGLI4zTMuVym6kzYsu/vLxS/SvyZdFxsaHAcBx0aX3HF11JQ+6HBDh9h8n/ALeJ6+z8TZ8Mssq5pKrdkI1FLolpZJmXLzS9BZItpL7mOfTRcDLLHNKNmXaIdLN7+S+QlRsDqc/YXl77Jke6vbsGMY0SiNaNEoocR3zIYZZJqjDijCKS0ssy5UuVm1Zqa58mY8ttGHL0t+BF2LWxyb5IUG+pSNv3luNPl4kr374Nh70xaryB/pmR7kfYfFejGPRoYxxJRIbPKRiwqC0bJSJTMmS23zaMlzm36ckJOiGRxRs83KCdpkXeliTbFFIYza43j9nZJaq0fh/en7IXl77JkO5H2Q9G9b1ejWjQ0UV9iGG6bIxS6aMyTSHO/EyT/wBrRtE6j/uc0l49Cnu90hhl4rxQoTxNOK5Nq0Q6IRSFqzL0ZnjUuS1XQ/D18z9hecvoQ7kfbVl63wUNDRVjgiGJLm+CUqRlyWzel6k5bqsyTc5r3MUHKSXsQxpL9iMSMRchMTFq5DNoxiTd+NMpH/J+HdMvuharzZmP5cfZD0ZXYsSFGuBszZOQxszyuLX2fgY47+RU6tmDEo+PVG5T62RjYtLEWWN6WvU2hpppEYOMSSLZ+Hd2d+q86ZDuR9tHxPhSFwzdIyybZ4E5OvHw8Sdvpdc/E2LBzc2vYhEoS1XFNmXJkeafPmj4k6Vl8+p+5+Hd2f8AcvOmY+5H2H2FIoorgejZlldoa6D/AG6vwMnXlXUw4HlfTl6kMRuNIUSihRFFDQtKGiS5EYKU5TXjInDoNIZ+HfLk/uvO8fy4+w+3bGybpMkNev8AJJN8kmYtjblvZPVckY8UYKkikbqKKRWr6G9b4MvKEkurRixOEUmSjZNVKvsJJM/D/ltf6hedY/lx9tHx32DdEpWyhQcpJIxYFDmxLhbN7WXQhzYtcj+xzY1Rmi3JNDXNmwL/AAv+79ZRX61mP5cfbR9m9WSHHmLE5EYqKpcNob1T0ZVClzL0as3TcsyQ/o6E6U5H4d8l/wBz87x/Lj7avifGyrZGCK1RY3wrVvS9ORS0z5FBDu+psCrB/wBzFqvNmY+5H24K7TdbFFLhsvVsbZHotbG9EzeE9doxvJkrwoyR3JNGw/Ij7vgXmDK4WY+5HsbLL4FHspOhyZBXzfC9KKEIWm1Y6lZsSrBG/V+d4+5Hsb1ors7GyMbF04a4EhRKHdGWCnCmbPCUMME+vP8AnzvH3I9hRurjvS+FvStFwooocUxR4JRsj3I+3nTMfcj2tlljY5C4G+FcFFcLFrXJe3CvNsfcj2dljekpF6Q68Teq68Fi0uh5kj4yFOPqSca6nx1DvPkRlGSVMfh7cC83x9xdo3o5DZZZEssvWc0jDk+Jb0iXpZZvFjHC/E3EbpuEsW8qaFGWJUiDbhG/RedMh3F2bejkNl6osvWT5G0TdKPqzZYOOPRavW+FaSVoS5R9l53DuLsbGMbGyTExC0vSyxvkPG3NtmPlEsXAy9GOaJZUuSN6XqiEvUT09PO8fcQ9b4bGxjG9UxcNjKQ3QpWR0sslItrmbyJzt0hzSMm2YoOpSH+JQ+5s+3Qly3iOSMujFLRecsg/6SXYNjY2Nj1QmWXqmMs2iUtzkbPe7bExMsci9Jyp0hypGfar3oxJKTduT5M+HL7chKcevU2bapQmot2jFlU152yHdJcF8D0bGMeiLLLLN43jeL0ikhaMbEN0httm15Kju+p0G36OxSlZF70V1Gqdo2PaWmo2xPzuPQY+NjGMY2N/yWbxf8lljaRZB8tUJiHrk6DZtE7mxc2fDlJpJeB+VnfNrqSxyg1Z4GK1OHuR6frX+tZBf0jWlcT0Yxj0bEyyyxssi+SExCExDeiMt0SZkdzly8SC5mCqba5omZYOeN11oaMPzIe6I9OBfqq/WMh3SXZMYxsbGWJl62RfIixMvS+CSTXMn4k41OVkeS9zCrhJeIptxqXVGLmpfZDTU+Zg+fjX+pC87xRuBKLK47GMZIlwJ8yyxvSLEzeFMUxSL4MsaM0Hdoqq9jHkcZKSIywT5uVMy7TixxcMfNibk7Zsj3tqxL/3ER6ed4F/hr3HEcUyWNoejWrHoyTHwf8AOl/wWy/5OYp9BtUxMTFIUuCcbsnDqmZIOLp/sO0WJXLmOSikkbBG9qw/3oXneD5a99KQ0SgmSxtD0Y9WyTGPgfYJkZEZClwZcdqyeNSVMnhkmOH2HBr1IYZyfJM2DZo48kG+ti87w9z99WNDGoslD0GhoYyQxj7ZOiLIyExDJ47JYWPZ36C2cjCMTZ1J5oeCvzzD3P34WMq0OJKJKA0ySJD7NcUZEZCZva0URgjDBb6fnmHuPV6McbF1GkxwRLkSxKRkxOKZIf6C9IpijL1FFigKCN0+GRgY48/PMLbi1XG1pRJOyhxs2jZ75xRNNOmv0FWRikQgKAlQkUURgKKILzGuzw91+/ZUVWkjLiTMmGSdoafA1xWWjmKDZDCyOKhISKK0jESEhdH7eeYe6/c8OBj4WNEh8yUETwxZLZ2ujHikjdfih43RHD6ksXobkjdYsTZ8MWIUEiMRISbFBlFFCQhISPB+eYe6+J8croYxpMcRxNxCgKD9D4b+lksTa7rFgn9LPgT+hnwJ/Sz4GX6GLBl+lkcGT6RYJ+gsUvQ+HIWKR8Nm4zcYoiRyG1T88xdGWWjeXqjeivE34+o5xHNG/wDY3zfN5l6OKPhx9Dcj6I3I+iNyPobq9DdRSKRSKKK/yVX+aq0r/wCZH//EAD0RAAICAQIDBgMFBgYBBQAAAAABAhEDEBIEITETIDJBUHEFFFEiM1JhciMwQFOBkSQ0QkOCoWIVYHCAwf/aAAgBAwEBPwD0OPR96iijaUUzazazaymUypFMplMplP6FP6HP/wBmR6Pv0UUUUUUUUUUUUUUUUVpXcrSiiiiil9CkUjaikUh9X6zHo+/WlFaVrRRRWtFFFFFFFFaVpRRRRRRRRRRLxP1mPTu0UUVrRRQkUUUUUUUUbShooooo2m02m02m02m02lFFaT8T9Zj07lFFFaUUUUUUVpRRRRRRRRRRRRRRRRRRRRRRRRRRPxS9/WYdH3EhIrSta0oooooooooSKKKKNptNptKKKKKKKNptNptHEn45e/rMdaEiiiitaKEiiiiiiiiiiiiijabTabTaUUUUUUUUUUNGTxy936zHzEJCEtaK7lCWlFFFFFFFFG0o2iiUKB2ZtHEo2m0ooo2lFDiZfvJ+79Zj5iEIXeoSKKKKKKKKKKKFE2sUDaUcrojE7L7NiwyfkShTNptFE2o2o2G02lDRl+8n+p+sIh5iQtF3KKKKKK0SKKKKKNookYnEScMdp87ML7SCZnmsbo7Z8zczHlcEQ4rmuTbMc45IK1TonwsKbHDm+RtRsNhtKKKKGjL95P3frCMfmIXdrWiitEitKKKKNooiRxMLwyOEyVLb5M4xc0xIUWRxyfkYYNTVo4bHCrZIzKN8jaUUOJsHA2HZjg6Mv3k/d+sIxeYkLVd1ISNptNpRQkJFFFCRFDx7otUODx5PZmfIppKjFDmYsKc0dhFUPG75IwZHDlKL90b8U1ylzJpSdmw7M7M2lFFFDXJmX7yfu/WcPV+whLRIorVISEhIoo2m0SEjabTaKJDGKCOO4T/civc7JWQSZjhVHWibUfK2/I3zvwUYo2xxNhtHE2mwcUbTaNcmZPvJ+79ZwdZewhISEu4kJCQkJCibSjaKIoiibBQIwIwJTzYcjvmjLxO7DJV1QjE4rqzLPJPwp0cNxTVRmQTlcqtk3zRlcn9mLavzG+JwRU97aMGTtcalQ9KKKK0l4X7GTxy9/WEYPFL2EIXcQkJCQkKJQomw2o2iiJCibSMRIzYo5ItVzJwcG4snjTkkLBGuh2U6qhcM07MHJUZMaduuZ2blNUuSJ41kioy8iMYxSSQ9WUbTaTj9iXsT8T9YRg8T9tFrQkJCQkJCQkJCRRQolCiUJCWjdWZsyeXmShFtSRiXMko0RjGUubo7NX9OSaHDJTuqojPcmhMstd1IoyR/Zz/SyfifrODxP2EJFaJCQkJCRFCQkJCRQkUKJRQtJZEuSRPLKmjMnZw8peEjFInJt0JEY8upkWzDJWJ0KRuFIUjcWJiEZ3WDJzr7L6Eur9ZweJ+whCRQkISEhIihISEhRNoom0rStZY1LmmZI0ycUyNwmmYpqcE0TiYMam6bo7HHttN9TinUP6mX7L/ohToUzcbhSFJiYmJnEfcZf0Ml19ZweJ+wiIkUUJCQhIihIjESEhIorvO9tmVPmNjSZik8bMclMjGuiFbM735Ix8krZxiWxteSIZ6fMhnsWRG8UyExSExM4l1w+b9DJ9fWcHj/AKMiIjokJCQkIRFEUJCiJFFaui0ubN0fqSnZNWTxtGyS0hNxdowZozirqx1Ekq3S82j4hmbkorkvPS2QyOJHLYpJikiEkxSEzi5f4bN+hkuvrOHx/wBGIgREhCQkIQiKIoSEtaGxsbMj2pK/JCyG5UWTnbIfaTRsNjMLcZIU20q5mZReNuzLw0s+SVeRj+FvrJkfhWN/6pGf4a4L7LLaZCf1LISFNEWcZNLhc36WPr6zh8ekCAhCFohIiQIxKK0a0kLm0vqZo22NUyy3VDTOG8aszQcMs1yrk0KZF+dGDbOPOrJ4041yaHiiqSVczZfQ5rk0NX1PiPAuMt8EIjJpkZWRkQkca74XL+kl19Zw+MRAjohC0RAiY0IoodjGxsj4omeV8kSTQixmCLc0kcbBKNvql1N7TMeWjhWpLxG2ufl5k1GTo2yqNU6HCyLptMzx3YpL8uRxGJKDybaadSQmQbsg3yIs411wuT2JdfWcXjREguZHqIQhCERIEBLWQxvmSZB/biZGkSnckbFKCY1pglsndGbJLI+Zkw1zRFcjDOUGYeLb8RLLjntSVOzs3btUq5iyw8NrkjJHnyIO0Z+Hhkx5FXWJPBkhklGunOxYpJLl1MGBzkk1yRlxuPRHGq+Fy0S6616ti8aEQZEQtFoiJEguSFq7JDHYnTv6f/qJtj5OzFn/ANLGJNixqMU75iicRSxpfmJOrRjlFyo7DkmpUzfmgSz5pqpS5EIQdtzo7SUH1tWLLFtSjyfmjiMqjg3R62kOMJRUmjicco408b5pnCSeXGnzVcmOCrmfGFGGCdPm0r1Q/VsXjQiJjYhC1REiQ6IQ9GSGSr6EuUEq5+ZkQ1aOjINtEBRJtY4uTM3EyyGLI1yJ+KzDxGSPK7RHPCflzJcxQTfUeKNcpDTiyGRO4S6MUXGFM3sjlhiTVVbIZIz6SR8cglgk+4/VsfjQiJB0RmISKEhIRAx9EIdDJMZY+jMvVslzRRtsimiBihHk5HH54NbYlsxc2xxtIiqoijdL6jchuSQ3GcOfiLqaHt2JkpbbJSbITaZ8VzyycK035r1rF44iEITMc00uYhISEhETH0WrJdCWnsZ3T/6GUUJWY4u0cRk2Rq6bRlbbZRhhtRknRGVmPnEpE4Nq0J7lz6kMduzJjpujtLxpE0Sg6F1Z8R/y7913H6ti+8j76IQiJDL9SMlIQhETG+R5FMlYxoaoRPG5DjTpiRFcxYsUY3XMjUYyyPoZsjnK2xxsUEhuh82RVGB/aZa0qK50LJSdMZjhucok4bZUOPIcXbPiV9h/yQ/Wcfjj76IQhCITcWQyXpERAi+Qug0SQ/MfXSMnSRmx7+Y00xNkE2rm6RxWeM0oQ8KHB1ZQ7GVpidMs3yN35llv6mN1NMaW+SfVDiRwuXRHxfG44F+pdx+kr97j8cfcQlohCYiEqIZERkhNEZimRnzIyHAkmbSmW19S7abfKjNkVnzEovkkT4nLPrIhzIRTikZMFrkSxtDiUbdN7LbEiijBjTmrMst2Wb/8v+kWKTi6TfQ+Ntvh4/qQ9X6Sv3sPHH3EISK0QhCkRyEZkZiYpEciN9+YyhpDX5E5KK5mXJbeiiY0YofYsUTLjRKND1oQkUKJGovqTku0nVVuEyL86PjTfYwX1kPV+kr97Dxx99ELuoQiLEyMmKTExSIztKy9Ms4Qhz+hnzSnLRKyMDFiOJyvDglNdeiOF+IxpQyyafSyatWujJxGitKIwSVseSK5I3SZxE5R4dOLa+1T9mYsjcabfmmKTISdkGfGn+xxfqY9X6Sv3sPEhEevfREiITExMRFiZk4iMEZ+Ic3ootsx4yECKpHxTiE5LGn05jkcL8RyQqM43Hpy6kJwzQU4k4VokSnCI8kpPqQI9R41PHOL8ypY804sToTIPkfGZfs8S/Nj1fpK/ew8S0h10Ql3ERExMTEyLExGXidqqPUlkcn10SMWKxY6IxpGWeyDdGabnknIw8Fmy7XVJmLhMOKFKH05slDbU4r9SMhK0OToYkRF1MXXmfEcKXYziuSdPSLIOj4u1WL+o9X6tDxLSIhd5aqQmhSO0onxDapDbZQkQhbRix7YlacdnuLSOE4R5ZqUl9lc/cikkkl00cqHzHElFjQkJEYkTbvW1802cRFYsjjuIsiz4q77FflIer9Wj4kJCQhd1FdxG5USk3qkRiYYc9LM06izIpTkl9WY4RhFJeSSNyHLVokiURREhLkJEInFu88/dkJMhI+J+PGvyfcfq0eohC7l6Lu33EhIxxtmONLS6VmVuVmDElNzfshyL0sQ60ZQkIg4+ZxvFTWWOGHK49TJuU2pESL/ACPiLvJD9Pcfqy6oiJC7yYn3qEhEUYYpazTqkNJPmSyJIWRMcjejcPL9B5JMhKx6b0KRFc0Z/wBr8TpdImfhVkj+fkxJxbi+qINnHv8Aax/SP1ldRCF3kLvJa41zIiLSMnEpXVGTM5Dmzczezeze61x+IeKoWPRGP6/lyOH4Xs3OcucpMas+JY9so5F18yL80cd97/xQ/WV1IiF3khd1LWMbIIR2kY9TNxLlyQ5N91RZt1xeJGVpRqx6K2Y0eSGjjMLyOFHZyxuUX/Q4777/AIr1pdUR6IQu8hd1aJCIk821ciU3J833aFESKHpHkRbY4LYUhciMqO0HkR2jbOIVZWrOP/zEvZetIh4V7C7qeiF3EIQjoSy+SHK+7QkJCQ1Q9EQic6Gh2jcxyeiTUZT8l1JTc5OX1ZxrvPL2XrSIeGPt+4Qu6tNyRKbfdrRISIxbIxRlf2nWiRGJBFDhY4EooY2JrsWn5mWDxZK8n0OKd5pj9ZXUh4Y+wu6tEhd5y/cUJEY2KKRlnSpaJEUIh0LLGyRIemfE8mL80+RxDvLP+FXoqIeGPsIWq0Qha2X3aKK1SEiNE51yXUeqWiZZa+oyTG9EuYkfEVXF5f4VeirqQ8MfYXeQmX3aKNrEjby7qWl6PVMscmkb39Tc/qLJJeZ2iY9YM+JO+Ly+/rSMfgj7aruIQu5RQkJFIfTuJC7jXc3G4b0vRMaejZxrvicnv60jF4I+y7q0XdQlpFay6arVaUPpqymVoouToXCSq7PlJfUeGaFCS8iWJ+RKLRxf+Yye/rSMXgj7dxCF3UmJaRjZtNpQyitUiEGycFGtJaUKJtNpSEhZZJdEdpJm4c0KaTJuM0cXXzOX9b9aRh+7h7CRWq0rRaR6aRiKI1WjGV3I9UJqEV9ZOkZZXLR6rVIXcny0cqRxLvPlf/k/WkYfu4eyEiiitEIrSK0SIojGia0fcrSPVEsannx5XJtRj4fzJNN6PuIS1UWRx/VlInHkNPTP9/k/U/WkYfu4eyIlFFFFCRQkJCQiC5ayQ+61pb0pku5GIopocXYo1p2kY8mx8Rg6cx5ISVpkiUa5mb72f6n/AAq/jb/cIwL9lD2RESKKKK1oSEiMRdyUSiu4kUZN0cU3DxUcK5vG3J+Y0VpGJWkenQa8zLxCXKH9WXNko5vJnaZIumjDmUqTMiqLflRl+8n7v1pHD/cw9kQQu8haRRHus2jRRRtK1fLRiQlrRxWTbBRXVsy5FCJLNJsjmld2QmpcmbNv2omOanBxf0Mnjl60jhvuYeyIi76ERFpRRQ1rQlox6PWK1iuenGT/AGzX0Rmm5SLTFX1Qm4tMhJThaIZHBzT8kybuXrSOGf7GHsRfIQn3kIgIXcselaXpXdS1h4tOKb7bJ+oyDbUuRJuzh8rcnjfR9Dg5vfRxSrc76wY+o/WUcM/2UPYhohaLRLREUIQtGxsvWyyxDXcWvRl8jj4uPEP8yZK00SIKs0DhU+1s47lF/pY+vrfD5GoQ9iGRMTELVaxQhCEPzGNm4sciyxPmRem0rRPVkJWj4nhcorIvIfMcb5MmskeSVmDFJzUpI4eFHHT+zl/KLH60jFL7MSE+ZHI1RDLFiF3EJC0jo2MbL5jlQ8p2pLKdsLiUQmmkzcXqnqnTQ0pxaatUcVw0sGR14X0YtrqxY065kMf0RKagqRnTeDL+lj9bxv7EREZsjMhmaohkhIWiEJC0SGMejZJtjJMbGy2Rzzh0kQ42ceUuZHjsT82jHxWKcqUuei7kZE8cMkHGStM4j4dkxu4Pci80P9LFlyvlRjwZZ82mjisSx8Jl+u1j9bxv7KEyLIsTItkZyRDNfUTExMQtGxsYyQ2N82Mer0bITcZqS6pmHIpwjJeYmLR6RnQ5poax/RFQ8ooas+I7Vwmbnz2j9bh4UIRFiZGRF2i6ITIyISX1ERej6DGNjJDQyWjJDHpwWZbdrIuxavuznyPiOT/DZfb1zH4UIQhCZDJTG7jYptEcsvqY7u7I5qMeRSYxvRjYyQ0MkMYx6wOF4hbVFvmRZY5qhzQ8qHmkLKx5ieVs4+d8PNe3rmPwLWItERm0qExMxzVDZHK4swZ1NU2SRekhjGMkMYx6wjJ8kjDw2RvnyIR2xSslJIlkHJsscjcSmkSm2cbL9i/dD9aRi8K1TFITExaJkZUdpZZjbTtGLNypkkm7QxljJR5WSQxjKZ2M35MjwmSXUx8Cl1ZDDGPkJpDykpDY5G4slMkyUzi5Xj/r65j8C1vRMixFiZYmJkHzE2iOU331HCLHikOEvoPG2iOGPKyfD45HyiV27Pl4V0FhS6I2IpLRyLJSSHlRusbGxyGxsnI4l/Y/r65i8K7qIsTLLELTHJKSvRCYpCyr6jyL6oc4/VHaw/Ejt8X8yP8Ac+Zw/wAyP9z5rh1/uw/uPjOG/nQ/ufPcL/OgfPcJ/OiPj+D/AJ0SXxDhL5ZUS+I8N5ZES47h3/uHz3DfjPn+G/GPj+H/AB/9HzvD/iPneH/EPjcH4iXF4n0Y+Ix/UzZISikv3q9PxeEtfU3x+qN8fqjtYfU7aB8zBHzcfws+cX4D51/gPnZ/hR89l+iPnc35Hzuf8R/6hxf81nz/ABb/AN2R87xP82X9x8VxD/3Zf3O3zfjl/c7XJ+N/3Hkn5yZul9Tcy2Wyyyyyy+7ZZfr6b/gLLL/+U+X/ANMV/Br93//EAD8QAAECAwQHBgYCAgEDBAMAAAABEQIQYQMhUYEEEiAxQXGREzAyM0BgFCJQUmJyNEIFgiNDcLEkc6GwwdHh/9oACAEBAAE/AvY8Hgh5bTDIasOBqQ4HZQYHZQYHZQnYwnYodjU7Gp2KnYxHYxHZRHZR4HZx4GpFgasWBqqMv/a6DwQ8vVsaqGqmBqQ4HZw4HZw4HZwnZQnZQnYwnYodimJ2NTsanY1OxU7FTsVOxiOxiOyiOyiOziOziOziwNSLA1IsDUiwNVTVUZRlGUYYb/sVB4IeX1xhhhkGQ1UwNVMDVQ1UwNWHA1IcDUhwNSHA1IcDUhwNSHA1IcDUhwOzhwNSHA7OHA7OHA7OHA7OHA7OHAtkRG95weCHl9Jw+maRvh5e84PBD9Hw+naR4k5e87PwQ/RsBOH07SPFDy952fgh+i4d2v0XSPGnL3nZ+CH6Ph3K/RdI8acvedn5cP0fDax+kaR48vedn5cP0XAw+n6R5mXvOy8uH6JgYGBh9O0jzMvedl5cP0XD6hpHm5e87Ly4fouEk+naR5q8vedl5cP0bD6fpHmr7zsfLh71vZGkecvvOx8tO/f6WiDIL6nSPOi952Plp9aQca5fU6R50XvOx8tNttjI6GeznLL0+PdOKKokQiiXkKPchaM+qm5BjV9PpHnR+87Dy07jMvqNQ6Gex0m1JZmZ19SsV4l8ohYrxYrzWHHEEiO1ZLhIkHF3Gqao3pNI86Pn7zsPLTYaXQzk1DoZyZcJdDM6jUGpLM6jDUlntv38fiIIpWhEsnm45rKa64llFG52hvkw3o9I8+05+87Dy02ekrzKT1OpkNQ6D1OpkNSWZ1k1C4epnNp5zTuMtm13pKFdaEtU+VRe4hS8TAhEkwvo7fz7Tn7z0fys9nM6mR0My+oy4KNQ6D1L6jLgZHQepmpko1DoPVB6nUYak89vPYag2za+GVjFeqYke5Re4Qg5iLggt8KSX0lv59p+3vPR/Kz2b8FMpPUzUZcBqIdDMvqZKNQ6D1HqdRqGSSzM1k1JdB6mcsjLYznlspKJHhVHluFvvYtPEuyw04VEURfTW3nWn7L7z0fyszoXGY3Mah0My+pfgo1DoZjrio1FGodB6j1U6jfiXUOg9TqdRqHST1M5NRRqTzHrNqDU2M9i2haNZPwmkoTExvLhjVqa0aCWmKEMSEaX+ktvOtP2X3no3l8N5mOuI1Fl0HqX1GoNRC6g9S/FRlwUah0HqPVS+o1BqIdB6j1U6jUG5HQzHrLJRvxnmPUeWQ1Bp5mexbQa0O69JtsIZnFbziJvLhN4xBCl93pELTzY/wBveei+XmX1kyYHQepfUaijUQuoPUvxUaijUOg9R6qdRvxG5HQepmo3MahkknqPU6jUUahlLMepnJqDUGoNPPatrNvmbazHqf23ixN8ymtHHyOzQSFUxEfAhS4yll6FN6EfmR81956L5a8xqS6GZfUag1ELqD/kX1MlGodB6j1WTUGoh0HqZqX1GoZIdC7EeqyyUag1El0HqZrLIag1Bp5mc7S0WGNUYS1hwlb3We7Z3JvFjVyG0vvUTmWt9o2BDC/ykNkmBq3rcLYujoWnaQXIrI4lraou8s9IfxQ5+iTehH44ufvPRfLXmXUOg9S+o1DodB6l9RqKNQ6D1M1Oo1BqIdB6majcxqDUQ6D1Qf8AI6jLUb8RqHQ6D1M5NQag1Bp5mexbWesjteNQg5Fr8w0rjWTEvU1F3ubizja5VP8AqlmjIIghCjGmp80JqQ7tXgRwNGyFhg0m79N5F4oua+89F8uLmdB6l9RqHQ6D1L6jUGoXUHqPVS+o1BkwQ6D1HqpfUb8TJDoZoPU6nU1fxGokuhmZyYag1Nl67ORbWX9kTmNQW8aTDCRLDuUWNcTMTmPekQm4TwkHKWkJrWqJgqIRKiK7GpEquxBZ6kO4Ybv03i+KLn7z0TwRczMvqNQ6HQzL6jUGodB6j1WTUOhdQepmp1G/EaiF1B6oPU6jLUahq0GM0H/Izkw1BqDHSeey1BqDUPh7l3CCiSXmZmZmXFmj/LiP/wD0d3k+rz4C/NGkMPUSzhwGpJhqd+hxXn7z0PwRczqNQ6HQep1GoNQ6SzUYag3I6D/kZqX1GoNRDoZoPUzUyUagyYIdDNB/yHrLIag1BqTzHqZ7DUMhqGRbK0LYiXip8om4zE5mZ/sZiJUSxVUdDWSPfE0f/kvTxIoi33DLFdChBZpAhkZGQ1DKTDDe/wDQ/DHzMjpLOTUGTBDoPUzU6jUGTBDoPUvxU6jUGoh0Hqg/5HUyGoNSb1M5tQahlsZmZ1nkNSTUlaxPGprKiiLrIbjMRaj/AJCxfka268hiTEhtL1vIkTWiQRVS5FUhviR0MLpMMNQagxgNQYYbeN3P/wCvemieGM6SzL6jUOhdSWcmoZIdB/yM1Oo34mSHQeqD1Op1G/Eah0Og9R6zaijDTzHqPXYyGoZGQscKKxHE0CrJSGLVNZzMRfyNb8h/yMzM4CCFn4kkw1DIyGoNQag1BhhpNtspqs74Ce89D8MeQ5nJpdDMvL8FGoNJ6manUag1JPVB6nUYb8RqHQ6D1HrLqNQakukszMzm1Fk1BqEd3AW8VjWuYUWUPMeoi/kLF+QmOsPVTWqokVVNch3cSzQwmww1Bt1w1BqDUGGoMNuGpPEYyLxvlXkom73noe6ObUnnLqNSXQepnJqDUOg6Yj1M1GG/EaiHSWY9ZZDUGoNRBpPUeo9dhjIag1CKF3IoFQXZRakMVRF/IVfyFX8jNZsJwLMSS8RhhqDDDUGoNQYbdccBhtqLwRfqom73nof95NSec2odDoPUzk1DIuoOmKD/AJGY3Mag1DpLMzk1BqDUGEylmZj1Hm1BqDfiZDDDOnAiRlbYUepBHUSL8h/yFWo9RGLmuOHETMg3CL80fOWIww27ZYYwuMhjEaeErTy4/wBVE3e89D/uZTzm1J5zag1DoPUep1MlGoNQ6HQf8jObUGodDodDMep/suwiUGoNQag0ukrXx5D7GY9SC0/If8h/yUzHqoi1MyEdEQhVXchvQbucLpMKlBt9w1JYTtvJtf1X3pom+PlPPazm1BqHQzHqZjUU1fxMjodB6j1m1DIY6HQzHqPVR6zyGoNQag0uhHGibmc7QjieJ5uaw9TMzEtMYjW/If8AIf8AIzMyz3lpE8S37hCy3tJptcNPCamIxkNuMJ2/kW36r700PfHy7nOWQ1DpJ6manUb8RvxOh0H/ACH/AClkNRRqS6Teo9TOWQ1BqDUMhqTji1YXFiFXZzHqZj1MyGNuIiv/AGHqJzMyFdV1USu/iQXqQIicZZzWeE8ReM8NnSPItv196aJ4ouXdNSXSWZmsmoNQ6SzH/Izk1BqHQ6HQeo/5H+w9TOTUGoNQah/qWisXmsxrvx28xUYRamcsyGNU/sJGi/2Nb8h0TfELGqxXqQ795Z7948szMzHnhPHYw2dJ/j2v6+9ND8cXLuWpK6hcPUzk1BqHQ6D1HqZyag1BqIdDpJ6j1MzNZZDLgNQ1fxGoMW3mrQWaCzceVn83yKvKWY5mPURfyEjX7jWdd46fcWaotzlnzEXdePU7RH3nawfcdrC/iO0hxEWonAzMzGWcsJZiz0tf/T2nL3ponjXlLKb12eknqZyag1DI6Dj1HrLIyMjpLoItR/yHqZyyGoN+I34jUGMi28cVwuw+09SPxLWWZmZj/kIv5Gt+QjtvLJsSBbt5r1I7RW3nao+813/sa1RLSpZ2m68RXRFkovGeE8b5Zy0v+LacvemieYvLYcfY6Sepms2oNST1Qeo9ZNQag1BjodJP+Q9/iHrNqDUGoJyMp20WtEq9BdlFYiVB5op2WvZV1bjMdcR6mY4i1HqIqr/YgtFgi3u526rrJwNZG3mtUXma/wCRrVEWpDG3EsrWuzhsY37GmfxLT3povmZTznlsPUes2GodJPUes2oNQah0lmZj/kPUebUGoN+I1DIY0hWhbioo29+6TeaNaK2qR/LaRw4RTzHURRFE3iLuvL23msuI9Recki3PuHqPUhja9yC0SeGxjPMzNN/i2mXvTRfMy2ctnOeWy9Z5GQ08x6yzHrPIag1BqGU9K/pcQw/2uFV727uxVTSEVLRY+EQ4448kVRBFVBHxQuWhfeK90t+A6wjmZYLeqUEibjLCa8Z4GF5maf8AxbTmnvTRvMy7jMz28x6mc8htnM/2HqPWbUGoNQyMjKWleBLuIryYXubK7ezmlRuqQpuSTzRZIJfc4iVlfwN6Xl8lkhZqyoOkUFzFirpPoLtf5D+LHzT3povmpy2EkndZmexltPUzHqPPIag1DIag1BjS/BD+wvIROM2uGGG2LNfmIrTVRk3yaSSRRBFl82O4hV4UWW5i9xhiJCEwIYlTcWMbKb9jAVWQRb5Yn+R/jL+ye9NG81PQZ929R/yHrsNQag1JMZDb7jSt0KNU1TIUQTuk5FpDqxXblvSbEK6vBxNVRohNbA7RCGNF4Cqt9wkbPcIr8DeNuuFh1b2uN/AyIfFuLOPEf5mFi+ZpORxXqQrvH3y/yUX/AAauMXvTR/NTaz7nPus5Zmcs9lqGQ1JZGl+OzRuAvIyF5S4yy2GGuUYag1C23wXf1MpNQahq/iOsPAS0/E1oPtNZOEIrrwNX8TV/ESJuBBaJgJhElxFCsC7rlMiCBV1laS2ivCrGt8yRMJDclxa3KzF2BjcItCGLof5Jl0eFfy96aP5sOynPv8p4bGZmZj7DU2Mhdy4FrGsauqDUF5DUGoLwuEWg1BqGQiUIYXVEYW+JVG/Eb8REfgWnjiuIb+A1DIhv4DJgNduNT8RlP9TIylcLCQR6vA14Y4dUga+4sPAqFojKpwYgwLGP5TSETU1sC4caWm+CDn700fzYZoP6PDYesszMRa7GUsjI0qJoUh4r/wCBnVLheQvAahkZGRkZDUE5FG5jUNWg34jonCScpKlJOIqbD0kg0mkho9rffgW25Fk9xDExFba8DLNIi5jTd0HNfelh5sPq3qZmZmPUz2eEtIi1o1XoQJcq9DjuFm2yww1BETAi3bthOGwgkQ488yDU1SFYYyOHV4jj1EiO1+VlyNzXkS1Mx6iRqnES0ReInCWm/wDTz96WHmwc9pPQ4GG1mPUzM9nEtN6m6GEQXbumxiRcZPLgPJNjWqa1TWqOuIi1Ny7yC11kZVIruPIzII9SKFX3DIywkeLmN49R6j1HqJEuIkdTTFdYfelh5sHP1uc8xzMzMzMzLTxqRc5Lu7jMQcijvF5yzlw3mZmZmZmZj1E5jiX8ReYt94l3EiXWhedlGq2aK+64tLouZFvUVdhFlpa/NDy96WPmwc+5Td6jMzMzMzMx/wDkVX/sRLfvk5nPOWckXdePUiW7xD1HlmZmZma3cbjeJcosJBvFSWjq0UUOP/4Lbwosl2ElpPih5e9LLzYOfcpEwip6e8zlnJVZFv4CrxF57D7GZmbv7EMMcUW8Vd6VF7hJJK+aoJdJKoQwLDFuIuQxBdGlxHFvhYylkMNQahkaT44f196WXmQc+6QRa+gx7u08uLkKtwslH2NVcRIDkQo9x23Z2n/kiV4olxVe5YSSGQ1BqGrQ1aGrQagjLDeg1DIa/cRo6QxMNQag1BhqDUGoaT405e9LPzIefdJJzW77Ey7pb0bEWFrhYSJJNsIkr1uQdIIasX7DDbLUmiGQww1JuhdNSyZYdUiS5NjjK40nzMvekHjh5i7171Ih++Q4bpZTSeRFZot7HZEVhEyjUGlkZS38CCFiK/gMMNPLYaabDoOOPJzWEVJWStFvLVOO3pXm5e9IfFDzF3984nd4yw22GMhjG4iudyKGGJVuFgbYhhcZISKNFRmkiDbN22ksxx6j1HTEeo5nJ6kPMh+eBUNVXVMDViqMZmZiaV5y8vekPiTmLvXv0Xu3H2Mdm6cdwt8SqMLuFYuPlFiQVZwjDbeZnsuOPUvks98oUuUsEVojVS9WvlaQ/K/EhhdTUhcjhY0vzl5e9Id6C7+/RRzWHHk4445nsZjmY6DpiOZjmcriKB4lVzsoeMRpOoiQQjzeeZArLvF5iip3yIo02GUSSbizT5IeUsDhuIIb9wvEZzS7reL3om9PSuOPsuZmZmPUc1qjriPUeuzrJCjqtxHGscTj7SCCjSYYbumlkNQYSTDINQsr4IbjC4aS8ReNx/4NN/kRe9E3p6R/RcTgPK3tdZbt3cIhCgxqqNQihoZGQ1DLvrmEQhs1XganAsk1YUQwkrXitfdJN6GmfyIsv+zORfLIto+G00mIYRIWTcQ2esrFpZasW641RkG7xi4eprG8diCxhREUVNwm9BNySXiLxlgYGm/yI/euHL6PaR8CLfstJhIREEYsIbnGRblLSwu+UUiRDMzMzMXmZmexmPU16jrJ1LzR4taxS+hwQwkvEXiZmBhLTP5Nrz968E5fRLpRWnBBV37SDGZDwOG8RH4kKMiCStLGLehEioKlS/baSqPssaHEyMQbpKYzwkppn8m15+9U3Jy9bnsZmY9R6kdpgo44+wgiTThKxhkhwlaQQxb0Lex1fmTcZDXbhRpNQy2kknIQsl3FktyESGM04HAXiYml/wAm1/b3qm5OX0NVYijVdtEoIm64a7cNQRKCciGEs0uWfAjtt7GvFURfmZd3EtrJr25i8th+5QQhEtFVWI70nhLEX+xcaV/Itf2X3rD4YeX0KKJhV2shEoJDxY1RhhqCFmlBGlHaolxHbIwsSXmsg6KQ2kMUOrEt8lYu7lVkkkWo++8s49az5SwmvEUTeaR59p+y+9YPBDy7hfTZSyFj7hEESVxdJN+8hQgSVpaaqb7yKN13j1k8lFed/dJJBCCPVIVdEUwMxeM03wlt5sf7e9YPBBy2n9S6ILFt5mYiVE2LxOBAhDuIo2XItI1iUfYvL5NSTLgMNQbZag1BqSSSbkQsNa5+Ml43GMsBP6lr5kfP3rZ+XBy20H9MsQ9e5RCFJcZsQpQRLllHH/yKZGRkZHCd0mmybF2ws4SHehZtqImAos8BN6Fp4oufvWz8uDl61Yu5YagiUGpJpMIhCkrSLVhU4z4lw45dJJ5zzknOWc8xBOF4lFLHwqr7GE4/EvvWy8qDl6x17tBJXbEPC8QctrTWi37h6mY9R6jqOpfN5LsKX7eBAikFliNNP6yXiYkW9fetl5UHLvn9Qggkr5oJzlaRtCt4uwsspX4F5kZGRkZDUMjIZcBqDUGoZCIZGjJeqqnItcSFXeWBwF4mIu6L9VF3+9bHyoOXoH7l+/vkjl4iCcpRRMhGqqpuF2rthx5JsXTuLpIaOlC33ZiEEesLJU3yj8EX6qL71sfKg5fRGkiGWzkZCxJCR2jjixDiKg6DpiPUVamZmOZmcszMzM5Zl+I64mY5nLR0ZFUt4/m3iLuvEXdeQxJFCLxlgR+VF+ii+9bHyoOXr22klxLpYXmZmRRonEitFXiOay4zceuwgu0giPPhsJKHePqQbxYnUTgPcWcSoosvtLXybT9Rfetj5UHL6KmzxHZCK0UWJR19CnIREwFRMBTIyMjIylBdE7C2ixGEsRN5Z4HFJW/kWv6i+9bDyYe5b1SCbN46JwIoxV7y7bRR0FVC4RUHQuk6D7FxdeQ+IS7VOCLLSfItuXvaw8mDul9S21FEgsT99eXzvmm+TqXl5eXyvEUc1tw9TGSb0O1+VCCK44qaV/HteXvaw8mD1zdy5FG/fMZDUkwu/cZDUMhN+4dV4F/2jUFSgy4DLgMuBlJNhJJuINy0MTS/41ry97WHkw/RliFX0e6V20jCzu2LpXDlwjFjvWWmfxY/e2j+TD9FVR/QXmZmX4jrsoZiPiX4jqvEzL8R1HHqPUeo9ZJJOJZomq+Jdcab/Ej97aP5MP0NVFXv7y8vleMorzYvkyjCIuAyjDLJlGUvG2EISBHiSSGn/wAWPL3to/kw+kfvliFX0LSZBEQXurhkGLhkGQZBpNODxFn8quQqipCsv8j/ABY/297aN5MPcP6hxYvSNOJa7GZmXmZmZmZmZme3cYlm2uRRI8LcCwja7EXif5L+Mv7e9tG8mH17ir6RhlGUiLy+V4yjKXl4yjKMpeX7F+0iqgnAg3EEWtCf5P8Ajp+3vbRvJh9c/pWGGFZNti6TIXDIXSuGQullPKWAwlxZxMyn+UVF0aH9ve2jeTD6tx/TJLMVTftXyvM5ZmZmZmfcXF07KNNyn+RVUsbNOGt720XyYfqTCCqXrs3l4xeX9wk+A+xePPTo/ksoar720XyYea+jcf1793d3DiRIuymwktO/6efvbRfIh5/QW9W6zzlntZiKOXTcukjS03xQcl97aL5Cc/oTDeqvL+8vEXcLunhPTF+eD9fe2i+SnNfoq7behuncPO4u2GEEE3Cw7GRpfmQ/r720Tyc/Xom0vobxdl+4vkyjDbKKM+xpXmJ+vvbRfJz9cnp0lF3yJQRKDUNU1TVNWIZRIVlq6ziwxOXmleb/AK+9tF8nP6iwiOLJDh6C4uHQRR0LlLporOKymq5pXnZJ720Tyc/TsN3i7Ldyiauwovf3yTeIKbp6ymsaw5pvnryT3tovlZ+mTZbuV7tJQQ8SLcuwvokMu4RTS/Pi97aJ5Wf0Re9RGgSIjb0/DYx2dI86L3tonlLz+iL3aFikKxtFhcaRFfDDgRTXd6TEZRlGXZQt/Oj97aL5a8/qHEdVIvSIg0Jq1GRNhrxti182Pn720Xy15/TF2X79NlE4qOpgNLCTbCo0rXzY+fvbRPLXn9UYUXu7l4DSRE3nEwkkDiWKOgllCdknzXHZIdkrGqNJi08yP9l97aJ5a8/qdjZ6y0LSCBLNVYXvXG2IYHRVGE/qatwsPzDXoMyEdmiuKjDStPNtP2X3tonlxc/qejxpCuquJpC/8bYi97Cl803pcQWScTFBFv3CPqjr8wkSiRXILuFS8ihdEIkGvI/HH+y+9tD8uLn9TcVbu+hnYwpdELuUa8RL4VNUWFHUa9JcVEW84FpDco15F4l5+9tD8uLn9Ob0aby9pI6qQo0CHBREOCHBTecEFT5VFS8wkr3jfMhF4oua+9tD8uPn9bTahLpWKPaQyTeom9JcVE3nAxnjL7THn720Py4uf1tNpC9pWCcRpfaLuIjWvL2FivMFIkuOJCN730PwR8/YKbp2CfJmfcJvE3Ds5vVhERht4sLkKtcYnEh4C8RN3vbQ/DHz+g8TD1ybxL5IWPgOKieJJR8SHe+xHcyoKRcJR7ouSieFPe2ieGPn9CwF3fQMCy8Iu8wOAu4gFIZRbhOBFK08u0/VTgnvbRN0eX0LA4d23o0ElZLvOIm4xOMlOKSi3yiOJb+Ra/8Atr730T+30HiYbXDbXf3a9wm+UPiE/qpwOJgRCLJVES+URDvNJ/jW/wD7a+99F/tJxF9SnCeBwlhLjsttKmyw0mkwqTTZSdjG8LHBTiJuF4jGqo0l3CkBpX8W3/T3vo39thx/T4TwOHcNcY7GEmGG7le4ScMTCKinFDhLCTyUS84Gm/xLbl730b+3Lacf0uE8JcTDa4SwGOM+I1wsIqDSbabuHElZR6sQi3JPhNxhJacv/pbX3vo++LlsIo48nH9HhPCXEwlxljLhtYnE4SVEVENTeam20l20Wdna6oiou6TGqaow0o40NMjexiy972G+Ll3WsP6HCeE8NnDZ49xxFQ7NDsrjsSKBlFTu0nDEqKQ22JroOknQW0hIrUVVU0ryF5p73sd694iiL3+E8NrgY7XE4bPDY4ztEeHYbvXNY1hx56X/AB/9k972O9e/cfvMJ4bGMuG3x7pN+xaQ3ybvn2nNM8n/AGT3vY7128PScTCXEw2uHecZ8Nq09PpnlQ/t73sd67acNlO4ccRdpOG3jLh6DjsqKjem0zwQft73sd6+hcceSSccSXEw+gRpftN3+mbrPmvvex8XeoIL3DjkKmJxE4eo4S4bUSOLDN/Q6X/08/e9j4u+Q4bKbSRCXicPoKkap6PSt8GfvfR/GnpX2oYmEjRW9esSHaCxL6TSvFBy972Pi9WggiqQxPsJ6ZxYzXHH9LpPjh5e97Hx+mfuHIbQSJF7lO6c1kNdBYzWHk45rD+k0nxpy972Pi9aizcS0EjQdNqEVWO0QS0NdJa281zXNaTjjjjj+o0jzMvpTezbLx/Q0iU7Q7Q7Q1rjWNYVZuaw8nNY1xxx/V2/mZe97Lxp6tO8fZccdRIhfoNv5i+97Lx+rTubpMo0nTFDWT7k6mvB96dTtLP70O1svvQ7ay+9Dt7L7z4iy+8+JsfuPirHE+JscVPirGp8XZfkfGWX5HxlnhEfGWeER8ZB9qnxkH2KfGQ/Yp8ZD9i9T4xPs/8Ak+L/AA/+T4v8D4v8D4tfsPi1+xD4tfsQ+KX7UPil+1D4qL7UPiovtQ+Ki+1D4qL7UPiovtQ+Ji+1D4mLBD4iLBD4hcEPiFwPiFwIotaJ/e9n4vR60OKGvDidpB9x2sGJ20B28FTt4cFPiE+0+I/E+KX7UPi4/tQ+KtMEPibWh8Ta4nxFr9x29r9x21r96nbWv3xdTtLT71NaLEf/ALQ2fjSToOmJrw4naQYnaQHawnapgdtQ7ZcDtlO1jO0jxO0jxNeP7lNaLH/6dD//xAAuEAACAQIGAQIHAQEBAQEBAAAAAREh8BAxQVFhgXEgkTBgobHR4fHBQFBwkKD/2gAIAQEAAT8h+Swgg8DjRxMK8CPOeYe8yJbjmRyLB48QOecw4TgIe2MfKEfNgRitCMiDYghRkNdjhQzOpQOqM8PaHh/kOXCRGkJ6DKqZdV6UfjOM48FzjmHIOM4TiOI4iWxIkQyGQ8IIxjCPhR/8LjYWh+MXgzcepuNZj1PwfjBaGwtDYWhsRi1mNZ4tYQJZCRGWEEIaVoNNiM5HEcSOAcI4zjHEOAcA4BxDiYTgHEOEcbFfhHDOENVSij/+D4tMNjb1bj1Hqb+j8GwtDYWaEFp6Xqb4b47C09D9e3xo+eU+m/5FgvS8Gbm5v6IFoLQQ2FphtjuPU3GPHb/wLPn5z+g/5djbD8Dx39G+EH4w2FgFobGxsaG49TfB4amxt8SP+S95+c/oviafB2w/Ho3x3w39C0wLQWgtDY2NsHkzcjM1ejb1xn6F6IN/THqj55v6L4UfC29P49Dw39OxsLQSC0NjYjIgeo9R6mrHb/4rv0vwO/U/XsL1vXH8Yo2NhaCC0NhaGxoMPU3HrhGC0Ix3wj0L/nyfH5zf2P8AhjDY2w29EYbm/p/BGRsIIbC0Nsdzcepv6FoLQ29MZ47f9H2nzm2pp/wrBYRj+Phfg2EEEEgtDYgeRubj19GwlkbG2G5v/wAEfAgj0Z/h85/QlPRQ7wjBYv17fCfo2FoLQyC0NjbF6m49R6m+C0FobelkYQbC+DHx87w+dtBTgnnGh2KecKHeEFDL1pfCWgtDYQWhoIyIwepuPXBamxsbC0x3N8III9L+Fv8AD+kfOcS98PYXk9yOD2Oz3Oj2JPcjgg7whkejr4ewtDYWghsbYRmPUeo9TfBaC0Fp6IzIzIwjIg2weD9MeuBLCCPT9OvnZd4RwR4JW5Xk6KHZXk8CPBPjGOD2J5F36J59FDcWK0FoLQWgtCMsdx6m49TXDYWhthBuRmNZkEYbejf0xhGEelemCCD7X7fOj9im5Xkjg9js7ZHBC4J5RL5IezKLRErg8ivOM8oXZ0dejoj0LFaC0qLQWgtBLHcepGZGeCWQtBKix3IzIzIxY4INZGpCw3GsdsY9KwXwftPt85/fkrcrydHthXdkcELZC8onlkPZkcFOCecOinBJPLK8kcHsdk8nuRh2TzhHGC0FoLQSyFobCx3qPUazINiDRC0FhGZGYxizJUoac3kKWQqwgjMaZDFjBBBBBGKXwft/t85xz1myu7I4IS2KboruxzsyGyJW6E+WVejIt/CiE2/pXkjg6RK3E+RV7kDpErcnk9yODpFOBPk5IOiMqHYtKi0EshaUwyw3HqMasSIyEshaSaLBsnMcHG54CFGEmEUE9B7oIUZR+pITMefHoggj0QR8JFrx857t5s6IWyJW6F5ZD2ZC4JW6J2a+yGHgvooJt/SXuyOGQtkStwnzfuLs8l9D6KbCbf0ryI4ZHB7Ercnk6ZHBHBHgTyqLSotMxJ0oJZUwyO8NyOCKiVRaGxEiHgmngxE3g2uQ0zHJ4K4EvXIylJBqxI3MUYujbIkzKQRBBBBBBBHz+3KzZHglboU7slsyFsim4l7r7K8llooJ2t7k8s5BHCOwn/P9wSeu+iC0HaJt/TseDGlv0exInkryRwRwKOCeRZKimhGVBKqoRwexpnhUjMjgiuQkIWlcKspdBoysqMmTQN5GxJImcwq9UmqU3YtCryJOGZGSG2CCCCCCCP8AmFfNP1zKHbK7MpsiVuE3o3fZ4Mi38KcC/j/SXvbsh7jwX0NpaoL+P9K7iOV9ENl9FOETtb3OxD2ZZaKNEQ2X2TS3+nuQ9mPhfsexPJNv6V3ZE7icEZUEo2Kbk0zOyOBoioQtBC0qbjNEupUNdcFTPFG2Ekk0JMoRauhkT0M4Wg02Ea0IzIxQvVGC9P1v5zaiuoryQ9mQtkSt0S919kPYRb+FFs9iVsvsltWJLP8ACGy+iiHH2/0TbUci+iOF9EpbDwdf0l2fkh7hR+f8wQkLrZL3EtmeC+iFsjxAnb+imlWbUYk6UEsqHsexIl7s3I4NQ8BLwJ5ZC8i8iUOcn9xypINL9yHTXGYsUgicEKYNBodB3NWQSXCpKwZFpSmCOBrPGCCCCMYI9f1r5zm0q8xHDIWyJW6E+XfZG4IX7fwpwcLe5Ls/JyHfgf7H8KLYJr9P6VaiHZ+Brqvf8KcBJlG+xNuK7B/1/gktgnlE/wAf0lhD2ZfaIWyKLUW2yXSoUvcSyqvoSt/BLwewnyTyvs3IezIEcCXg9haGiotKjtiYVblDpYZlMCKkJC3IEOkcJrKKN5ialyObiRm7H6makaWw1wdEcEEEYR8/8V6HmIWw8l0v2KdxLYWP+FBK2X2V5SI3F+CGzuv+FEE9l6/uANt6/Bmy30UHhvsld+SG9x5u/wCHhbolbi22NvcQ9g/6/wAIErg8N9ib3X2V5E1AutEcI7RPC+yy2Od2e481RZaI4R7CfgWQTyqVNyDxR1QxtGwjgSew2RAlTWrIWWpI23kUlyaGmTKKsi3mogSshK4NSvBHBBHBHx1n86AgnyVie1vc5BIIWyvopwLbZ5Cb1kbPwUai1f08gsv0NdV7/hTgQ232Su/JGxh7vf8AwhZ+Cm4Wz2/0k7P9I4D3v3/CC0t1glbL7E0Z77K8/ch2fgstCXCvolUyE1Si+xWf08mRnmRnUXWjNEEeBLwJrYKaW+4vLw9yvLUdDXA1wLgU4IXAqajVVRhQuAQgkSnsbyTUahVHVSRuTDzyI4I4I4wjGPh5kfWvnNqqmrUQ9mVMivwKBbbKtxK78ELPwTuW+hbL+5IJOz/Bpf8ARQQWm+yVy/0q9xPdfRCaK3RK3Fq/pLdn+kthPf3/AAhWfg9kQ2X2eW+yr1Caz8F9oSUVS+jTQTWy+zRf7kvdfZHlj5r6L7RqEOBaZCoWuSXuzt4RwxrOjvonNKHnwUjIiNBcwMSJWWY9zW5NNULO5FVkI3bQTlWWzLH7JHVw486CINKUQI4IEcEcEcEcfF+s+dJTcU+JPffQ1wiUtUvomy/ZXuHz30Rs/BILZ7P6VbiG7v8ADwd/wohDZfZLSzsh8j3v3/CFj/wmNQtnt/pLYRsGuu+iFd+CgnZvsnd+TtkOz8F9oVVn2FHBOVbdltsTs/Z7kcjz30O7+HQiuh2ja33E+R2z3NDQYo4O+BQ8k76HbFqd6CcmUYKmqG0yUJh5bE31VsZb+LkZrm4Ve7KRJgXWodNkRTDQWFprfQSHN+UIZKLh/BQ0mstyOCOCOCM6YR8P6w+p/OUiacmNiX4KWkWx77wJPOd+CFtbootbdltsq1Yqs/waX/QoQgr/AJJu/ZDe4nvvoaWfgpuEm3r+kuz8kuR576LX8KcPoQX5P2S3X2Veo4B5r6IbL6IWwpuFb/RPSd9i8sluPLfRRb8EKwkex7E2/pNv6TybZkcMl1aH2PJfQ0OtF8EEUqIvY8BMnJKkSVuG2ZyyWW+ocs1JITEP6GuWTDmZFpUEmaEB0F0lm02OjDVWIVUlSZnkRPgjg8CM6EYR8PK8lq3+c9oubJW9uxQ132Q2je5576KcCVuOFvc7SW++jwd/wo2ENt9k7vyQXN76LD9EpDVFvclb+SNgnuvohbV+DISrvycHvsnkRwJW/RG78EeCm9uycr/cnnfZXdlWjMue+i+0Rwj2PYnlX2WWxN7nuQ9mRwyOV9GcR4BNiHxQl4PNDRZMmIKjs6R51ZnINvruihh3qFq28lCaumZQmgE8Se3jozvqK3DzPBmbIiuRBHBBBGEZ+vK8n1n7/ObLOSMvdfeFzv7ELa3RK3S/JPO+yrd7nlvohsvopB23+pK/8kN6NnnvohbW6J4Cxf0b5L8lWtRNar6IXfjAhZ+Tz32S3qJNB576Ibb6IbIlWfk4W9xPlfYp5JOKM819F9ohssHsTzfuTFvyJ8sruxTsyKZGbNfRqv8AYh2V6DqeUeBsshYWhU9KE8olsvsntfJm7/6Lzvs7E1s+PlCRqKyqBKgUzrBSlKr2eSSg25l/7FEpZlCcGONTXQYRwRwRlQjgjhEZ0RBBHqzD+o+bp9Ojby5FdhbaKcCebdi5b7Kh73vohsvooJW6vsluz/SWzI/v/CG33ErcWWybP2eDDfV76I3fgoJV35OF/clugQHO/sWH6KCVZ+SHhfJ5b7K7sS5C5L6LLR4L6I8HaJC6b5E3uNqs6ZD2eBEzb7FtoiNBHLE5vAkoUYKhqongVLLfY4pTfZKt+xtTCe+yR5r7JsOdDmlDGklye2Zkqp3bIik226vciiEQIzGwQpEPYlSh4D4DSrQazoNcEcEcEHRBBuKrZq/Pzmj1nQRb+FNhK3V9ifK+yvLPJfRuWdYIbb7E28rOyG9BbaOAvwU3EL/sncX5IYnvvojd+Ci2EFZ/om3X2S3qxDeo8t9ENt9ELgnlFNL/AFJ532VerIezNFvsWWiOB7G+ROdUTnqvkTyV/qJ5Bdi0hMjlfQ0qI4v2PBfQlpCJv17CRNRItsQZmpQnwvsrX/0stkSpf3GsVb7MvKL5J4smp5AFKQLZZGWjqtBZ6GwlwPgNK0HZ/CNv0eAlsNA8CFaD2DwI4IyoRlQgjBrMjMWvkLL5z2+qKLQTyr7Je7AluvohbDyE837kt6nfkh7Mf9f4QkErcXWybP2Q9hPVr6IVn4KCN35PLfZWtWIewnuvoo0X0UHcCF/2eW+yr1bIezFXNnseF+x4IjwLolW/Zmv/AKeS+yXyQRlRkUzxfBRb8DWd/sRX8P0SRCvwJUxlQfR0HtR+UVplX2TlTfYu37JKNWlyPmm+TvlepK3X2KZOt9knRtmnMTdzWHg8GMxGAhKkKlTb2MgfAeag5N0GuDRQjKhFCOBqNBrOhFXkJmSEiSpV0Mi/8JfKLLRzHlfuS9xDejZ4X7ELZYJt/TyZGphZaILRIlcHgvsrZ+SHsxLffRDbfRTggrP9J777KvViUxDJ7r6PFfQkq0ErccEvs8t9ld2Q4qhPffRZaI4WCm6Jt/Sbf0nlfZPLFnBKgJToyG79exC36GhS/sPqv6EVIGzyEiXB0OZGjRfZqv8Acp2/0qW/0ZakK9znb2Qdn+iYh8lyOFFJlPMOejNBHDGqZMeahDYS0C8jW4PewNVvsPNSgw8DgwI4GuBrYVSUSDbxCKW3QZHznTVjInllecCOEZbCY7ZXYQv+iFsigttk8r7K8s899EVpvooEjTfZnz32VCWzK1b/AAjd+CFshTgm/wDSW++yvJHI8l9DyW+xmX1P4dCnEGq33Kk/ptmqq+ztlY1Iyo/cXDyQ4t/hK36NQiULe6FRaR1EVQ9yeUR2/JkTf3EpW/0S4l1fky6r7M5dnuLy77PDZQqtkdDMjzGUtckZ0IVeR5qGihpEKUPAhXmPNgPAgCVFDwHwGs6DVXQjgjgSyoUNj+BkfObvW9CvOBTZHtg7ZHDLLRCwLLZL3X2Q+R8t9ELZfWBYfs4NfZM6iWw899Edt9ELYSt0Tb+k83fkq9yW72PP7fottFbShGhwO0Slf8k3/pqqJbszpUiswxQSELfokrZ+xCqPDQ6jWB/oaXPYflD8nlgMlJxvyUEr/USzE77OXfYp677Gpzne2NVmclKNRGQkTqKjl1C1dR6h5KGZUfjAhRkRnQao6EZ0KtCFKZkBFBqoNbRpWhHBGVCNhHBs/wCBkfOeamaIi38OkdoTFd2Rwyy0QtkU4Jt/SeXfZXk8t9ENt9ECGi32Jr/sq9RV2/4T330eG+iEKbiFv2Tzvs3qyOGPdf2L7QktrdFAnlW3Ym7/ALIXy+pMWf6TyyZTkitF+RErRqxZG3vojrf2OVvY8CM6IaoNVkT16f6PwJ8E8o7Q4YUHb/SSjjfkXNfZY/pK332LxL5KqYWlXkSYUsbNt0VCUbPNjKgNCMhLIayGs6DWfY1nQgSyoJSihQqDGYHUGYRwJLQRlKGuCiyoL5zjBGg9iSbf0nlkPZkcELZHsTb+kvdkPZnkvoabL6KCVsvs8t9ktvMyQZs19CVct9EITGoX8P6S332VerIexqqvoiL/AIISsr6NNhtW3Ynlb7llsVr9kt9cOYcEHRrvgVn8I6W9ih5X7EZ0RC1EiqD6CailbknRlHsMb5RJai5EGJVv2J2/o+kl9iVvNfZ5ff8AYtrX2S6V32J8hM0sSpleOzzY0IhrmZlUUUIzzHU8jk2U+hCpTMSrSxJwtxpCUdBpaB8CBVkEthHA1wJFD50m9oSJ8leSuxC2qex7E8k8iOGRzvo8F9FBK3V9iv8A6Swh7MT3X0R2X0KmgnlDLb/TzX2VnMh7mTs/Bqt9iNYV9YNdCVSqvstti577E9nvs9yHWoqze+jyX0JZVV9Cyv8A4bLfQcJPIcbqlJEZCdESUlGhQafA34H5JMwn1E2/pZbJv/RmSna2JSU19mfPfY3K+xOmcSjTosjLU/8AQR0JYlhCXSptgpWprqNckZVO1wKKXsaZj8hMvkeueEW6NiFsNZ0Gs6Cx5/zo5+xSRwRwexJPJXd9FeSy0QtlfWCY1RO1/cTbs/0ryee+jw30JIU3RPC+zyX2S4zMhvJMnv8AYpv+COLdGQ8DdCL5NG29yaZr7L7Y3yK1o8DMLbQoxDX0RnFvYjpJJTPt7Dea/sTZwxs1Q04WROWQ+j2Io6oVdUQto5U26PXASE+b9xO39NZX2Ls19iVUdvcakuiL1IVLrBVn/hCpI1oyFkqJ5VwN0YbzGZ1JnU2qeQ8sxvOow1nU1IVMEUNB65jWeZ9X+dGDD5OhLg9jtX2d37lXqyOGWWiFsr6wJ3K+xWf0l7iHyVar6LrRHGB4VfkXLfYm3qvsiupbaLbRD9H6I4owKN11/RW/0Wucq9xPnfZLkK14I/AXkltoSa29i60NIdL9hdFUQhqNQh5wiR22eSF5Q3yh8kNtxPlDqasPfkxVWZI8ibf0TX/ZrSvsmLPXf9imw+11O1fJsDFbkZzIQEaBpZe+2OZhtZGoUuGWeoiiD1De5jedXlg2cnkSbjVUcVrhBz/Ov+sC6E1uIPc9yOCMHtfZwv7kvcV5PLfQ7f4QthSkhclfZbbFy32JN7kOlRHO+iLfw9huqGQ2Le5ohr7JNKu+y3JoyOQs1d9HmvoWWq+hZHKb4PG/YiKCl2Rqhl0HlkhZrITySaNGQq5DeeROkk8idFUTcb8jVpzSuyj1Iv8A0mLfkm39F4L8l/8ApN0X1/sqNcVuRIKJt5x/RMHlTJ53XuSsPnv+ysU77HWt9y2f2ROrxfIxPOV8iZA3UmqpyFdyeRciORjz2B6kjs3do+dPqJHGCfg8hVZsh7MjgjjBPKLLZLs/JXkjhlto8BRbENi/JfbJb77Je7JbiG8lw6PBX0bhQl9xKzm/c819ioV+bYsgXliTnJmwQ330eS+hNqYvQjlfRG6v2Gkk5yJFS28DNkhrhG2RMbE8oZVKGnSEdDtCfKFatCnuk/oidBxb7F4r8iarTfYoaq+xF/2cL+5RH9f7GSjcmv3GihrJFfvUaqcl7jVqjX2PEx1tinFfv+y22Vd98kr66/sUJlOGPXHyJdK4PJ1HmHZtUWlTc6L7r50zvM9iRO39FO7ZD2ZAjg9ifCElv2eQ9yOGPhfseC+sHscL+4sld9ifLIezNAoea+hJMw9v0RrA3dJJzyNaT+ybf022+op677NFWZ7kHAw3X0aKr6Fkv9hK38KJpfsOgqrPSKnoQTgRG+Dk9j2O1h7Cfgfcr7HJmqL6MXTkyFwTyieUKdhzK+yFzKvsoppq+xlqXNyP3E+dPcogqpvUUbX35fUaZrzrr7jNu/8Ao/N+5C0ZVVr+yd/2cLe49qNNNPuPKU6D/wAOzyKUqMb5+o+R2TybDYPr2Y/nP7onkT5E/J0xILwex2ieRPkV5OiFb9ELY9j2J5K7/knlleRLkRb+HgdIiuhloSMj/wBfso9XfYm5mf8An3Myrvs2qRQitWzPPJCc99C0574Esqr6EoVVfsNZqL9havDJzQhTZZKE5wVOkOkZHsexxrhA8heRONhRqGppA+DUlH/gsmQuSEy1RVm0Lho4ERepWlXIRUavsfVd2Sx1UhpWk+HbIks9jfKHUq5tyRFIFJTKgnOQ+a6VEuHRoJ5VK7MHrVHIOZzWHldCQngWjcfzm/1ieRdinYjgjhC6xSFXch7M6d9EcX7HSPYnhfZZbJ5X2dsjhkc76N0X7CXCOkV4JjX6k55fH9E1Nv8ARbjoC0IezMjHkIbhLJ2+hFVf7CTt+ilaFPC/6Oyh5JXodIUawpM2g+h9G2Rtlhrpgs1kZTaT7MRHM0YoUJ8CckWcHsM5rBXaInBBLhVDzzQ63JVG2qiNGRHNMzUyhJSE2pGnYq502KgzQZpDghwOa5DybGp0HM6FaZG2R7D1yzJ2WY/nNveYV5I4E4PYblErcnk9yOCOL9johbI9sJEjt4RwJCOBZ5KostBbInOo2rf7krKd9kqP9BVKrNsyCOZJTVfQuWL4EuV9FtostHhVXsadafsyukPb9EFSV9D0kz0RUmR0F4HsE3FYPY9iDIq7leU/sGm3LgTw3oNHgNGWmhogS9hTDglnloMlqpMToqfQzM4jwJzpqY2Nj0IVVBi0QlIYm1kOFNZFNjIUIPJj1Gq5HgRjgZBMig+F1wY/nP6BnQvAvAuj2J5E+ScI4I4Oj2E/BPJInnBLWpHDI4OiMsikZI4oTzUkk6pd7mpW+pbbJyUmizIPJgxpURVUd9C4O+iM6r6M2gNapy2EjcteKfoef4foemVXew9Yg1URHCNYOiOD2NdBNqYSIlkcE05hG0Ugn0lDoZHBHGB2gg+VCvwJWSlXwJw9ES8ZUGk0J6RmNbG9oQ+5/gl3UpmLgULEX7FCStfX7DkUsr2FTN/oRb+ElZ/gmWsg9O6o0F5Eql/4JITgy5UEzR4INUb3kNZ00IUZVT86ff8A2GuBeBZ6CfJPImF5wjjCOD2xlieScOiHsRwa5EZZCyWROW4nOpOYmuza2J6yTkFoQa5CTyhybr/QSt/MBrOl+xvb7CzvF/U9tXsRf+FTdvsLPK/YySl+xFMr9itv0LxfsRwRwKUUJpMKaXkLRF+wvavYg07/AGHmipURqF4ECa/6Ju34F+k/Q3VXfgWc4zew0LZvYfOt7Hkvob1cpvgZtX4HInvaKkpL62hamWRz9Bq6/Qt02X1nQlZxoVBSr2GkChqvuTM6E7r7GoRmv9BqlVzexDmrdDa0j/wdfMn332GU4EJrcYLyIXgg6OsZ5J5J5wjgjhkBI6FmlBeMJrmSJv8A0m39NFSZg9zejwITiglVUFGzK1qvoimtUSNjsxRbfQWS32JxOA1Cqz/CSE7exodvoOm3+CElvwctb0KAWtLgT2/Qnv8Aoa0ZcptDzsKe1NhIcL2K6qq+CUok1Es18D3N9EbPwQeq+iKYVBKkSvoopSe+ilv0NLY2QQRQfuLa0SqLXLb6FNdV7CZaqZEo/hsIbUqRQTTosmZYqxndCLmFoOuihibmYGff+3zp92OOMG5PIT5F2dMS4wjjHs7O8URxhHAkKJSELQWsE57Gr/R2J5O31JqsAUQylaHRAWlDS3+DmtvsJWLVjgSU1XsQThaL0FWi/bAaFrgi38FWjt7CQVn8Frf/AAhVXPbQUtd9HJ76I2/Q50aHeQ/BQ0wtKYLoUdJGRGw6LIYRViPfBL1IYMxNLVdXIq4n+k1KZazQqVNEyVdUma4PUT7jbI0xqfzofX4TyJ8k8kiOhLj1Tyd4QQRh0JcC0VDYjjCiX2wzk7fUnISE54NloLPIX10KPIUegmMoqdCCLXIPOE2RHBHA4aECjYimRHBB6CWigS+SvYqeFbgdRSoGUKDJBuhqU0IEAleo+TKHZKDPJvLMbNNtPS5Gu9BHVspYU9RM5M7hugPZCebbDpYpEiKqTvkZRUZKjngyVa/O1JJw6PAlbCZ7YLDs79EcEYQJcCWwXgdnBNf9F5oJulRO/wDRUCc/G8xtDvwIihqx5eLHmPT8n5pBC1xhERBTY3Kiig2wwg6lFkTi8iD1HnEnkJ8meonpLIbr7PJfZJ677HvR9ZpedyNug1BD6jXn6it0pxy/ZLY0lMp8CQp/PqVzQao1bG9y+x+3e42bt/oglQLKj+/7ERXVepnukP50+j4d4dMoa5YLwLoXo79HR1hBpkLSgtKHsam9TsnLUJ5VpqS0iXLRzOomJyFNBNDSYKU09X9xpUeBJViRoQLMW4ogMkpkjuIlEjJhvkpQTTNizKWYmJqxInAliX9Ev6HGEnfuMrPyLCG58jNpVvcShMsmpyfuV1Y/JzKB7N9hm2SqlJVQnySxtlLNDbrUk8r7/On0/wBEcHR1i/D09/AXjBLKiEsaC0E8q+SXGYtak11X5Fa2J5CaOsbo/AmsBzmP1eGN1zFmqShPImSJW+BPksP2Tav/AKQwTX2T3X2Pkd4Exkg5t+xNOZPInyJ8mkFW8KkthNLoZAgjKGaW6qMTfA0ZZQv1CSpEpr2cjJToJUKj1Mrwv+fnT6WOcI4I4wXgXg9jgDQsO/gQdEZG1DSkEG7NdBbC5K5E5VJqqJ8iXSt+5PIc1rfuSGqGY6aqttvsaolxmS9x8MTbnZPJ2LgKaW+4m/wf0iybWfuU3MNMVKxmVwRI3TBipmQpEhVkN6EmlR2w6w0U0BEbSutoqrmlyNoyKlu+5QdkdKfoadBEtUI0DfY1BNASqhtbPCP+Hr43Xyn9FHqR6pwlJSrUJ8/DQllQjg0yIrbc6F0LTI1NHUU7k5Gfk3JzwPcCUROpuToLkbVFKKOUSZJ7jnm17ilUZeRkJUJsSSaTjcza5pLhsqyokQVMh6HRJaHgRwK4Ti/Yh3/RP+f0N7/ottG9R3uBKoqvoVn8NxkneQ6XLX0NW/hsVG4pQ/JAaA6KjVQdbEICyDZ6fh9f9XXyfS3iPNjXGK9LEsT74E6Z/CWgtDoz4CnZ4Eq5C0odI6QsxTGQpaWFeBJGiholSVcjTp0MTMip0gUxlhGdCvXJk0hRD1FAkVE2bSckRuNtLdW6tjT2I4I4PA1UI4H4I4I4GkCODmClMFKKV9CRvK/YjtgU2KbHAORC2KMRSmO1PMRGlVCSkhJMjgiRCEqDK8f/AA4+UfpB9R6F49CJwkkjUEd/hbYRnKIrkZsqaiyCKOhFkJZUEuCW30Ipl9Cs5fQ2aDJBG9PoThKY9/sN02sBNxkSNaDVSukJNlAROVXe0PN6NFAqshcDwI4I4wRwRwQtUJClaYlChDqJwKKo10IbkNxtHkeY1FYM4qQGg3Oa+otamuZtUSdKlEkU3Mzw+dPpgtXnCCBL1SThPIg1MxPn1KghaHRwT4ZzAkgs1uQtjegvDIqqeBJbC2J30Qrn5tEZVX0PixpxUvohJk0Iw5DmyZ0RwdDWVBQklmKKR3I4JKlDyElB0UqUIwUwklUqbVGW4nGpInvfuZRLK31Hc/Y9AhuZjsTUDTXsVM+OxpnVzXJJkhJUb6EqIOIDTobPp3wpJ9E/Fn/gfyR9KF974knYmcgmtyeSSeSecKE5VJ5JNWCVobCckLQUegtKFIRvuZsjSqHEKhrbL6jrcBhVBYD3iaPIaSGtG5qKmokaUqZHUetTspudj8k84FI7wlrUTW+GU5lAltSHD2MkHgSYmwpMyy0E2N0bp1IkOJJsWlSRE8ucilt5ETNbj2fLdRY8b43fwp9HZ2Tz6JJ5x7J+TfqkZnnDr4EkknZ2UMyW5Jaiwp5NknkaKkFqSJ5J5E+ROiGTOSVIW8IEIdSUEiaqJrISozGnzc7EYLXQyanGhFGbc+EPkN8krc0VOzdyLUQISGtF8iOtRm5D3K7ldx1H6NBlSWTsMCTYaaKt5VE1DgEe30IVVA9VKwxiVuv1EnSgp03Qal+A1M9hx7v7jWSjMVpPj/s79cnfyh9QPP0wR65wknBMk8jyE25LepORPJPJ5EuQnJmggKXm77FB3/0UTv8AclAnInkmlGTOpPI6JEHB83glyV3INBSJLQjlNdC0XA2qbjo0Gyg8CBoh7EHR0PxhE6C4nRFv4T1EpULsR6oS4oLNQUWQtOwno2XsJOHtkZFQjOgjii6iS+AS40Eq2y+2MfC6/wCivyf9QPHoj4ck8kkskSSTkJm2OpNYkTkTZLFMiYm0S458imaCe6gmMnZLzpTNyMWsnLk0HOCwhkOR2xTQm1Q6tB0/RT9DKP7f0NNb78DSDaogdEEcYwoywhEIQkJEJEPTmsJhQKuFWiUlr+BUQhJMTRuonA/pSm9COTdC+4+N18Tr5aWaNvHogjCCMY9K9CxRPB7E8E8FcIZXg0iDJqUJcFdl7EOlF9CexeCXOWgnR/4KMclmx+MI4OhLgWiCM6Cry+gyjaZEVDEovIpupl4HF1X9HEqPi4HUNIaQ4KEIZQpuStykZ4LexU5kBwbFqkS1STCl7ik4bCJQXkbjJFa1MizdRN11GJ1rugnSu6H2f2/6o+H0V+TkaeD4fXq6IOhQZaYdC8HR0dC8fQghbHR0xIUVK7HTFNKGVIEpNBpqNsYEElAiqZayFZ0EVED6nkb8QlTboSKcmckbUsSjtb7mlv8ARhLt+z6ieSXqxS9RUqJrh5G2gkq2JsQLRP1ET6kvoGpa86CjUTQan5DPXnP+j+o1qdwTSTuh3/48dY9YR8lL6D4DOvVGK8EeiCmKw2oUnLCmwssimEydCVSotT2CRKKbkrcpuU3NFRJVSJVjIJWoVEv9xzwmqyJLaCUoUQqj7bKMkZbvsq0g6XmNUQVGyo88iGxTpg6GLKCWHgSFMQKig9jLNz9itVyRGhqHNvI1JDlXsRfo0yEq/P8Ayf3/AM/XyX9O+2K9MEfDWKJwnkk7KCeSm5PInRX++Cy2N7/s0b/cbasq1JUqTTMrvgkQc3RDqRDrAjUJ8iydSdttiVc9DMt/4eQ8nsNaMyTnX1cDThUDbP8AT+hatweBDegss/QZW/BRTQbnTDojgSmWRHGAvDMhEMfq0RWY1fsc7aEVWYm26DSXgj7v5Gk3Rv8A6fU//B7+VPp/2xWMYP4XeCwkT5OzsmmYvInyTyTyTyJ6yTlUmNWQnXo2yMK4KSuxGEfmCgFEhichKISUimtCF0VEqqgtKGtxoV0UllW+hSJrf1dCEjTo2+girLX0OHNCmEB1kcVKYwhKFJKGRAocp1ToIEEq6EGONxxLpoKJQov4NENKiDPRq/8ARSeQ3/h1XfHv0Tyd/JX0XFCxjB5+ns7Ozv0SSLyd+hSJti1oV2NcicqCEoPbOjojgjgjggZv+DLk4oaElBkdCEiSYGhiY6CIuhNbEWnY9QbAzZgdFFCMDluOIzGqqOjMotTs7Oym4nGpK3F5KESJvcfKp2IaGSWom03WhkvcXO6EuEN5mjy/9KproJRXYf8A8huyTs7O/kn6PihP4R4xjOOQnwTxgvB0dGQzeQ4Qi0G61R0QQRhGBW0KCpWRH1FCAKesFPxwSLVqZDJA5qlvcbc5nkS6VG5v3OYl7jbpUYrhUqLIqIQllUR0ckPc4exJFBpOdcxSrV/gTo03TBy3UetTPI+t/B9eH8JHf/H16Y+Ufp/pQhOLp8DrCCpXY6OhCJ4OhFBgrkrGm52digUoGNmSmNZm5OxSKYzv3wJLDVnoQkyfWqn9SatktRSOZK8DYfAc1oSDT2wDfREhLYjgjgjgjgTMJ8BFMhKugp2GbYVJUUIIJQRTIyWajzaLqR/n3Flt/hn8j6iP4/f/ABdfKf0PFCO8GwSP4GnroUFEijcnkQtRzY7J5OyfQk2SQQzsNOHL0IcCPsQ4fBLYZnmZFSzFlkQNug5z+wiyGokaqsdMhC1Q0qngQoIbDRCrgQpyIKCQSWxQSQikSKKCAkMSrIsGqt7CZ0EVabkVNVewpSpugvuH1b/wO/VBBHo6+Sfo/wAGoq5kFfTHBTGmHZ2dlReSY1G6EvfGuFdiHsQ9hcBNS32Mv/AqmIUUX0FUqEJZI1U/ottUHUpUpWhOsnkvLGw9BRmN6GZ0Q3Ibkik5kNyVlI43JQbW9+5TfA3yMrfsUbiaVvydjWdRZO33EnUgqjkhgrTUpj/R5upvXQpTb+Cat4KITVa6/k+pf/DH/BOPZ36o+Svofqfplk/AfqgbjAnDo6wjgSIWwkiFUSEkKqISUPAooKBRWoiDJmLNUn0qacCeQ2yE919lVNPaBbkjdWZLrUrSpJZMl5SxmSyoppURkBTuJsTFOFZVRN6o7JUzm4VRqengUJQ/8FmuhqW2JhZlvuN/S/8AT6r/AKuvXOHeM84T8m/SxYr4MkMJ5F6YOiOCOBuNB1eXrRTcpudnkZc79ye4prUncJ8+S8zVLJUCdMyOKpmYkbOiWwpcUKiu2B4lQ04m30G9bfQm38FL/T9Gq32F774GrfwsImov9i20N0hARSglRQZdpGmEznBIFn5fg8DgyHM23HaMzv8AvjjDrCpXHs7J5OyTv5MOPiTgTRPJPpoP1uzvFCQk5FKgSkKUngRBQhk5X7E5C8CHtrolebY2qIIU+uDiciVsUgoaiUUj+EoihyNMyGZSDViagkUyHBWKDE1TIyDmq6iNMahq0QqG/wDDIh0k+8/0f+Gb0/yM/wDy9/CodHRHB0dEcEens7+TVj40fGrhUSex4EcHARZELY1yFAkthKExKkJpZJIzmK0Y13N0ObMoKggEVt9xOtv9Hlf/AEfK/cl1EieSa2/0TUW/0nJX+o87f6KkVv3G5v8AkmVv9wCfIVCrfuJxb8k0am/cbKXUymj8lepX9Ec1kMxVWYlatfyNr3RSRFNsg1f8HXxu/RQp6ujrCvyijXpj1R8GpU6PA6IIqJCgSZKCiDwJp0kTTQKICeYlDGBvuVAtBPkmSzEvckl1qNXMdrIqVKlSpkY1nx5GpT48mSX7FLkVIciTJUkQ0qhLE8ijsc57kqr0EDXXWv1FVXwLPzAot4HjzfsZn/2V9feOuEYdEEcfMmdYQRhCkhCzFAjyKiJcZilTLE3CpuB6iHKsbhyVK7FTopsdEcHRTYpsQtiOCFQjgpsJyEFF/oJqlvY8L9iFb9EKbf4QrfoSVKr6It/CFsZp4+RF3IuN04IQ503XAalGlCIpa/g0VDa6jV/29HWNSuPZ2d/J30Prkgf/ABkUOzsWOgRkZiTJdIRU8BwA10iBB1gymNChQoSsErclFNyVuStyUIWuQnqSZEk8MA5MzyJW4qlRchRqxLIpTIkf6EGlKNpfUZTdfYo4hoynzR/Hr8SmPR1h0deqeTvFx8k/QehehYJHwIIII9aHjUgjgVCoQQPDQWKKuQ3ySjs7wnk7K7kvclmmZ2VFAkS4zHJ5YTQrXMTe/wBRucyPYN7mTuJFYzEm1GcibkTRJ5T/AJyZGJcNO8ic5sZyTr9RUMzT8GqeQ5zcn+R7e4/+Lr4tChTb0Rx6ezs7+SfpH98FivS/iv0Q8IwQQQJISywbSkWeY0WbG6qDb9dSpUrORDEnGRLYhiVv0NPa/YVWV+wrhb7EO36LLRFv4SSNZeP0UCt9BJl+H6E0X/wfN/8AC6v0JF/wWf4Kf4/QllQlIk0isOhUzInKl0MplS91fqPOobUszb/srj2T6KFDr5P+/wDvgqYoRHofogggj1a+hIjFHYhE1JbzNEayWVH6YIRBCIWxCEkU2FBShCkSQcO0ZChQlCgUXAkBFQUTp9ClxghSKBROChMxVKEPJQWqmQjk0hmpT41/g/8Aqg6OvT2ZanZOHZQpth1h18k/d/fFYrB+h+h+mPTHqWCHI2lhvaThljQphTDs7OxeTszZ37lbfsrb9kUW+45Iknm/cruV3v3FO5Le/cU2/Y137JSlvqXH7Ku35PLfZyX7mbN32LmvspVv9Gt/2Vzb7kulRsqiedTJUJcCfcVTXoU9f+DzH8Xr4/WCI4I4K4VOzsnn5O+/+/oWKeDHgyMZxUYP0L4KFrBbnGefhQyNhAgIigVChpR2Q9r9iHtfsS2I2EOcr9hbH3/Am2+5YP8AA9i/Ynt9/wAD2PuQ9vucX3IrYlRQlUhyLMTdBHsSd+TPRsNRO9D68P8A4o/4OjojjCuPZPJNfkr7/wBacYPBk4NelNEBtfDpBMEORLqT8GCCOCOCCK5CRCCELOYgU03HCmmFKFCgkJKn6IW32ElcEWg4PsQ2Ihl9jjv2FPRfb8GhBqIElKFIyG1DINUQRHOnciOZfwiNDI8P9H8Xv00/4aYdYR8nfc+nbFBv0zg1hGCxS+DBEw236oxjGhTCm4o3KLUXkluVSiTJ5kj23yd37nEnZW37Fnb/AEXK/cvclrkje/uTb+l7krb9kX/p2U3v3Kbj837nZTcyDjUTJuVA/YS6bIIooGXmX/R/Er/0T6Ojo6+S/rn/AMcYx8Fqhj+JX0KZWEMiIE5BoZAzhL3IqICT2I2HALZEtn3Fw+4tn7i2SypGz7kWkvU6+5W5IqwrQqNZjHCadShB5hNUKZMzr9T6b/wR/wAveHZ36Ovkr65/Fgj1Ri/VI3+FBGMcHWHWECXAlpgaDQfocPMhbfYhT/CEQrghXBC4ItAkrgqfwjJH2OD7EbPt+BpbfYjZfscP2/Altv2IWiEkIVKHQ1mH4FogVFEPKYGQchgLVft/5M+inyT9c8F8R/An/hNPTTCmKqIjOKlLfsi18XI3qZ2Q9zsruV3PK/cU737nlfuKbfsTe9+5Lv8Asl2/ZNv6WuRWtlN79xJbkqcym5KjMbValJZmWBRBSRBrKbNU5vt8KP8AqoUOvV2Tz8k/VP8A46emSSfgRjBFMY9NREMgTGQakNsH4IexDKxkQIEhLYRsK7YVuStyVuStyVuS2Y5uTYkSGyXJORMBNUrIm1FRze0b9h/POF6pJJJJJwRKGmCScZ+GkNfBgQkthLOgooNEh1bIKEFChQhbFClwMNlI/g4p+imxTYpH8wTIpUDilCkZDWdDozKhksjR0Nch8qC8GZfh1/30+TPrH/DPx4HgggaH8BQIWPZlNR+Su52OZzOyu5VVk5Bt7kuc79ybf07v3Htb6ld79zsXk7G+TYMopMmd+42zKUKUIJZkyzFE8jIkSh1DZPxKlf8At7xp8k/Wv+xYoSGhSxMfrSNTYh4pG+FcejorscmTIjYVkrsOYmBo1KldipLUEtG8YGBHUS6/QUyJuKhNpZk51JrGf/xDUEEYpCVBIhYMz+qosSWECSoZFK4UggpJI8KDaEig8CHBM4nmKSUwgIsGZGhBpKElSgvB0MWHP/gU+Vsnz/50vQkNECWAl6Hr60EeiMEQVM4qJCmajc6k84MkSypUrhL3Kj5EPfAlGZLcjMWlRLkymoqasiihw/uQUqUk+jfEr81ZXn/0wJYwJ6mNEY6YJY1ELMghlR6iVRFMhqtR6HjBGVDTI6w6EnsTDJwT2I8BvSCh4K+RQSxJxAoq6r9iDJ5lEGV4fO33vwI/4UqehISFjBBo8Gh4pejUSIEJSRBT7DNBMMMpJQoUwoUJ5HBnqJIoU3FEibQPMVmJZwEyCCyRSMiZRSCIqbVJQpoLDf8Amz+Sfuf+ZJ4EGsYEqEEZEEY5WNEYQIRhpilQSqaqCB9RylElZwlgqVK4VIZBFCCpWhL3KktRgl1Kg7pmSh1JbZipFRONaGengSUqKjP53d9//wBdBL1M3GhM29CXpSwQObo8YZplNsMw8xpEFJyI4ElsdFNsKYQthIS4FkiOBrgzKhoHWaGuRGRozVi0EhynYb2187Zvn8Pb4aXoj1vX1tvUlkJFJcktLOIGgMZphQk3x7J5G+SecYFhHJua5iihKFJZKoUISGomoRQWZ9v9v/hapehLFep6fAQbECFpg0efUFpfJE2PyPBA5qbD9FSvoSexUlzEFdSsZFa0EnQSajMScQwuwaZzwjDVj7n1y+3/AHV+Wt3N/VtjHpj0LGPQl6NMHpg16EiMEqjUGosE8yG5LzZBkEVNGOg9PgUEsGyVIoKErKCU1FLJBg1TKjaUjR4G+G3/AGxT5f8A39Oxt8FL0L0L0RQ3HjHq2xLFwxgeQx+ipqRglyJNByszchimCFPIJIEmlAlUiubFlC8h5Oo5sjIh0ZRzIxjs+t//AAB4yNsYIIIwgWMelY7Yb/DeRqLHbBKoqMhYRL0RT0JLYhPQohRNQGqdBJUFk2XRE1ISUiFDoMZ0pv7kQb1/BFyVor6lf9G5qFH9GhIVP4PNQbJ5CcZoetF83+d33w3+Dp6IwgjCPXt6X6I9bIrhFBkUWHg2fkWVVBrHA0vTBHojNyKqpFw5HnmaiWQ1hkvrRkJpdRFDXoODO8mVl6snPv8AodzgYRvMnQzkLMuW/wA7XvHxdPiL4D1xgj1bYa46kEGiBykhXc+0YHg6+leCHivBItB+DoRtGZ5CCWZkq7kyFqoaheSKCXqMOu/+kj5y/RmtafhkltystvwNUyssGp1k/O1vx6N/XsR/wbejQept8KKM1INyMVUhrRN5DH60UGTgiUFIZqd7p9CHR/g6j8/ctHBBJXoIU8/yyN3BCSyuCYt3Fuq8iKUSt1U+1R0lyfUv/Hn5P+h/b0b4PX07f8Kx2NMdMNiKYQQRUgjMiWIQQM3weFaelY1kc4JIVAhioqKtx9SARkvwRN+5PfIpfF+it3I7dmbdv0TWaMveTf8AX2Fk1eQkrasbrZf6LFv87fQft/0LHUWG5saD1INDfDQeeOotCKEZEUWOmL1H6XgUTgx4IJQKVOwT9jJdf4IruShW/wChQlexb7mTewqIQqXeZCmBRCV5Fb+SJavUadW36HVty+dvpeEf8a9CNxZi0NDc2NCKsjK9iKGrw0NTbGDc1RFEbj9Mel4F6K4UFZHS/D/DI70ZWb3NGvQSvwUOZItHW4EmaHl+CGtXJKcV5FS7yNRUlv8AwzXsLL52b2In/wBC0NzUWhphqjQ1ZGV7EUIqza9jTCCMyDQ3FmhqiHi/TGLzFpi42wSrkIoG4olCJ2yQsqLqaV5mXew4OP7HrsxdVBmSNfzgc56GqJeo1l5M4o8DJ8fOqPomCf8A06i0xRoRULO+xBFWbGhrhuamhGZqh5IY9MHgzXB4sWLwlAdtOSNzRexRbYf3P9KG3oVS6JW8mUJgebNV5/BLVo+xmZna9MGhofQ/O30jBaerf0bfCWCx1FoaM1YtCKGrFnbYS3geZGV7GjNTY3NURQjMjIaoaj0weDxggg1wrXHcX2E1GSKNit7EJq9RbeRRD7fo13uVNeo1F4Eq6XUqb8/6aK9ihFyZfBGVG5S6+BfQ+dvrghaenc3/AOFaY7Gl7GrFpexoaiVuh5r0Gqu9TYaozU2HqRUihCqbDoZqRTwb4Qb+hlJNRelC16HeUiyMpz+RZFeZKF6Gvb/SKEKhq7ZORkfhFceSamUQeH7fZFkvnZoXUTFoLQ29D1xWnx9DUWhoasWl7GmBDRjVXepGV7DVGRU0G5FULIirEsiKMSqmpp0NZiIGqkYNFSCRGLNRGTIxoLLK4HgPKu0Gmun+Dt2Uh9v0JSULE0knqIhokkN0RmYkqXnYf/mv5J/xJFkMg29O+C0Fp8TUWhuLMs9jRmrFnbbBqxW9jS9jVepGV7DVHe5FRKiHmvcSqRQ1ZGRoVkNUGiCBvJKMhozZEDCMKSQGvRWlUWQpnsiJVX6GrPIpheo1BZ7kW1oUCNZY2MMwlEx48gfzt9lCeQhaCyCyidDc3xmq9G/qWOqFlirexobit7YNb3FoaM1NENUd7kVRkEBKqIoRViVBFGVtDgh50QLUaGqG5BDIEcEDT9EYPAqNoUShmXQWtrX9kVL0HS2w3LvcpVeg3Rma9yXA+YjZMVEHi3mP52zeL74pi0FoJhGcx64RUzaEaD1+Drhoait7GjvQ1YrexpgVvY0ZqLJGjFmhKgjMhTbYhBFvIlREZ3uJUEQiRyjBVsyZDRA0hpDgaSQhoWMCnIQaYrkZobUyefuIbJpv7EUd7kNNFvY1ZOQ6KEmxKLBL8Cj3+eCeCZAKpCyCYoEa4rQ0XxtRW9jRmrFlfY0wLK2xuW9xZIi3Ys1g1ZtexozUWRb6iyEBqt7koXkPqHtGoWw1JGQ1QaY5GIYjl4R6HWpASoNhlLqiXbGw6B1GihrMxoKJ7Dtv+Xz3SEJ5C0JJNQpC09K09G3oWRuLMVvY0ZqK3saGt7iytsaMWYsjcWYWRqzY0EFkjcWaNDW9xZI3EqBLQ2vW2OlBKtRypEDGNZkCHgxNrBjYl1KfYtpQqJs1E7UlRmNGohrhPaj/APmJHyX9Kbk4I2FoLQmhubi1GqDJE08dvWsxZI0ZqIaM1Fb2NGa3uaI3vcWYshb6izRoai0NGIIbmw8hZ3uIas2KQxW7IoPNmTZ5j1GiBsNEY54KNhcCawTqJ0YnRKFkN6k5wtmbhCw3zu/Qj1N8NRGwtMGbmrNjYQihORtjthuLMWhozUX2fg0YszS2xozUWSLfUWaFkN73FmjQ1NEaMQ0NWbGjFmLIeZsaMyDQeY8kITFMEDRA0RhBUWNSWISTmSVIyKB3C7P51eH0Y9R64oWghtjuIWhthOZImSSJ1WG4haGjwK3saPAsrbGhqLJG4s0IbizRoamhuLM0NTRG4shoPMUDcWaNBZ3uadC0fkcjWZA0NDGiCCPVPonMnB6F6fO/0ZuPU3N8FpgLTHcYWg3CRJJNRPCAklFA3wTyNGLMt9jRmoslhqaYFmhDVmxpjuLNGhqaG5saGpojUbGjFmaCpysM1nhA0NMhlcYIj4b0+X2+d/psHqbm+OwtMdzUTyM0h0JzORmFSSVPBZio0mjEF9n4NGaiyRuamhuLMWRqLQ0wmhvhoaiyNTY0YqM0NTQ3JqisDmTQ2o0MjBpDQhVIXxXpWR87/YeD1HqbjwWgtMGN5jdWNED5ekshZioTgVeDNMDJbY0ZqaLDU0N8dfRobm2GpoamhuLNYNcGrNikGpoSh6GsyoxUllfitjfOwtD7Qjc3Nx64bG2L1xaqHUMnBZekmJ5DxlUmWexozVmxuaoWSN/Rsb4LLHcUyjQ1x2wWZoajmCtTY0NSEEmg3I/iThI3h9L87FoOk5pNQTLmIrgx6j1NXgtDY0NzfHQeKEykzw1ExMY0o2paKQ6mpojRmoskbm2Gppht6N8VmLLFYPIlGg4lmwgmS2qbwbwfxZJwZ9Q+d8kWhti9cULQ0w3wWnr1EqLB+gxujtGiNzUyG+Opojf0UxrDw0KSUFisxruVBhlhjgbJ+G36JJLnn53+x6XqN54bC0Fg9cdF6pwTisEyRNNCgkxEzUWRrjqLIbqx5WCFljQ1w1MhWzGg2Ru9RvuSPBbEtyfgT6G/n5cnxjti9R64LQWnp2wfwlgxCaJE6K9TKCZqbGhQ0G8xhOYajfQnvOBOh9wcBIxs9SeR1Zkxl78LcnCfiT6J9En2H/lQlfJuV4xWhtgzfFaY6+pYQbehCxQn6JDqaCQqsYmWoxtslyJiChkxSHoSQ4sbCT1E+mSSfRJJOE+mcczw+eAsNvRvivTt8NCemSfRJKIEkkjawTwkajZE4SSyRNEk+qfTJJJPrbJx+gXzvket4zljv8JYoYXqTwnBwMktCT+0RmZL+7j+R6PqXJLSZy/Y/kF1Fpfs4PZjhf30f2Uf3lgTk4NfJPZ7nF9z+4f1D+8f3vhVUAEFXcM4Y53zvy/Wx+vbGUtUf0iHScLB8r9iwsN5XuR/shy9w2Pq4DcRwvYsJHJP6J/SE2fuk2b+5Ld402wnGSf/AIzKkGqN9fc4eA5h8w9Jh7DwDhQ+IZGX+wSZv7kvf/5vMMZX/wCnv/8ARWP/AOTL/8QAKhABAAIBAgQFBQEBAQAAAAAAAQARITFBEFFhgSBxkcHwMKGx0eFA8VD/2gAIAQEAAT8Q8dcThXEPFXgDjRKlQ8GIcA4kqEo4ZlQ4Y4Uca4duFcCI8K4EqJxFWmyISpTE9ILaIcQsZ9Ii2vpRfZEaiOKof+yK6PqmbUmty9JlUe5G0qXKho6MwjX1jgipM5/xIhr6UQ3zrJ12kRLxEYrMp4VrK8VZJpUNuHKB4K1j4AnKVwri+A8B9IhDieM4VK4BNONst4VKlQInAjaVA4sqV4KhLjwf/LPo4+ljxkY8amE0cK6TfbjXBJ241ibRNcxLUiQC884aJRiBpAwVYBR5QK7J7I7ZpEjZ0ii8rlMmxpFdFEaOkauRMuM2h0jmw6S0w6LjtrSDVlpDHlM8NfSKwgbRzMwlTWSaeSeVE9iI3cJ3KFy5Mon+qf8AGmhDTznXzrJ186ia+UeWzos6U6U6EpxBS0plMtKZaUypTAlQIEqBLSpX+E+vfC+J/wCFXgx9DMKEnlwvgfUXwm0vhfB8AvPslSvKHn4WLLvhjg7xrM2lfmdoGkNoGCGgTaAvyRKCDO20TD5Td5RMPlA5iMCodsyQNXSVhE1g1gMnlcH2w/GCvnpMB5/1Bj55QH7PaGRiVpUrpvA81wPviZZRm4GWJt0hkQICj5ygLgNInloxqaJQoPlzLwmVjHQr6TT/ABTR/BDB+CCbZhPwT/lRS4OeTnk5ZbMujg9SJxZIqLkY8YYbGsB4WOaQq7JjfPiPpJwuXwJvwrgeKsfTqH+y5fE18Zxrhj6x4L8F8HjnldHDvxvPDQY1Lmbl1MYY6RNcRNZRfACcoIC6gQGPJC8eXDZ8o0HaN58pX2wUwvsiYhNfKO8c+k7Qa+SavLCnt/UPqntAPo9ovw9obTLUMV5zdrmyleaOY0GLDKhG5DaGzNu80Md7jvOcYGYbQMQbQNJUqVrKlZZXCjEDSBpAIaIECVwSV7j8+IZc3hOXgvwkZfG4w+g/+hfg24HA4E0lzHC/BfG+OkrhjiszF6PWWdJbWrK4HB3i6RWoy3GYF7ypzmLcxOdwNq3hqQ2gcQ2mycpnHlKq/KJ+Ju8ppc1JUSEstyjCaytfK4GvlAWeU3OkEa/jlB+e0y+ekND5ygQGkTHeJOTKfl7wUvznN0pt8puYlQbTlCVhmcx3i64m7CBknKbkNoTnOc2eFTcgaQNIGkBlQ4c5VXOcqfO6vCcKhDaH0rrgvA/8Y+hcv6d5+iw8Nxvjf1vs8e8RhRO/G+sb4ekybwla8KIkr8w2Osq6gZMTSD8JWnlHTrGFvSLrnaUW+URuK18omGO70zKewZrd8pgvlKg28ofh+pg05fqU+PKHHb7Q06/5D49IaQFCuc17po8/7lPx5xwM3RMsppiGYCo5Q1MzQmzG8zZlVfE2htDRK0lR3mckrWVmVAgaQ2htDgcOc2ZRKmHw6oeEhCEOBwOBtDgf6H/Bf0r434i+J9HEuX9BvhfG4XHgeB4Xws5ZWdpfWZ6s02npGM9ITWoVFY2lVcQhCnchZWYApiG0KgvHlCE08o1T5R38ptDWanO+UTI6StYn2SsrW0/U5HSczlAz5P1By5r9Snf/ACXrt9oaH5tDk+aQ0gGu8NYN5TfW/uW9L7z0c+8dF6MpzDbygYgNIDiBdecprvKq4mvArWVmG0GkAxKgR1R1hNYl3AlaQ0QNJWCBKaZXAmsrLCEIr6Q/LDgcSHA8GeFw4ENpen07439Fhwv/AF34ThfC+G0PBZ4L4XxuZ45iTbhcvwXwxPKBcazjpN5nqx4V1mXaNTWCAtZTiY6QYjmVlmIbVzheIFJMaIVjMLxM48oW+krWE18omsQ+0FX5Ru2OoTac/KU29Cp32gOPKB9kPx/U+PpLD45QVnpZ7Q+PSBcACNHeLJIMzj6/eD8veM37SoNpyPm0NpyzF1lax3m7wqqgaQMkNr4c5zlaxaGBfnDaBpOUDSViVOcd5zjA4ZxDaYD0fmEIf4TxnhfqV4NoRg/Sv6Z9DfheIeC4PguXBg+O5fG+OOD4FyJvaW9fxK6TF7S+sYkDOzMOjK0smHg76zdiVLJy84DiVkhtA+yaiVp5SvSpu+UTXylOcbSt+k0eSJlrlKu+pKivxA+5NR5Q18v6lcux7TR88oc9ntFZ2+0NfN+oMyGOS5Vrzg2Vv7xV8dYmcvmZW4QXSUU8pTijaAr45QGIGmZWGIndKc4jqlZ0nKoGk2QNOGJWGc5WsqVkmxDaBpDjVXK14UcA0gVUDThw8d+Ln4N5XAhxvwkTxPjuX/pPES/oX4ThcvwuJZxvjcvhjgvgdGEZwjrmUcmYNiDyZTW7Mcpi9iZ2ZTeRmNKOGcx8ppmMvOu8oh5wrGkKGjDXLEDTyhdKtoYrO0rrtAc9SKLxoREGOuRki58jG83MF42iVflG6xygXVuYMle36hgx2/UqnZ7Sv2e0HHZ7QOHzaFnd+obc7lYfONBCa+r7z8H7j8esTLKz2hscAATtwVrHNxAuIwgXAweUqDQgYIxLuYzHdlQNJylXUrSBKlSpUriGkDSG0CaP0oOO30jwXN+HL6dcL+hf1Ll/QP8ABf1b8B4L8Nyyv4MTmMxjTh2WVW09IO9ynkzTpMc4ZNViY0ldJYXTL3uVAYE3hQmSDRGVklCYxDbMLdHEVlx2mC/KXrELYvTaOrKyxr1Jv2hmoC+z9QB2fqGmnL9QC5fMSyzqJ7TR2e0DPmhouDLosSG/nfM+XrG6YjsbQGzylGJPwPaGgv5iA1FOcxISjyMq7a1lZcQDFQzUDJA0lY4Jhm7KlNwnKBpwVQypUpzKlQKqEEVpAlVwCeMhC4eE47svxD4S+BceFcb/AMj478V/4br6F8bhwvwXxWXws4W0rBfmatiX1JnrKcWR8kLj1hTUlmlhDyWU1vMGpNDoQ3zNdlqAYamYONcTlrNsY4Gi8S8GaxDbqRFmt+Uoz5R6bGZz8omtw4fKb9o+03vpA+ydHb9Qmvp7QrI/MRfae0HHb7QMdntAMVzlb9YMUiHT8YnLnfvPQ/7MMfqauoJQt82gavm0Aww285jPnE1gcxVsrOeUA1AxALIE2Y3mO8CbwNIBiGiBQSsR0ZWsqAQIBA0htA0lEqVMfGpCEIECcocTTwO/1WE28N8Hw34blzH+q/8ADjhrws5+PvL8NDAaOe8HrMu6zkpjQzSU2inqys0kQcpe56IORSs6es5CpesN1osKam8OollMzLzhVlEAwtQqiqhmsyl56QKlBdBpwcGFjudImXG2JUsN9oee01TlU/BmDPl/UC1+XtE2HNH6gLPkfiZHn/UMItRjePvBDlPzefD1nOBMs3f5nN0gVhyPaBns9osDf3xAKLjRed4mIdQnzMS1mpOE0StIbSquVrymAt6RDMogQNIbStOCayokBKhDaENDjUd/oZIQhOUOBt4DaXcPoH0L+hp/jv8AyX4T6V+LHH04sud+L1Oz+Zl3hOjEOUKtIy6Wjzo+eU0yEDmvj7wuEwW++PaYNoQLn0/7M7KJlm0ryCZ0BrL2zGww85hWIOTSDpTtDarxK3iudaTTldS9czW3OkTXG0d/KJl00jV9swNNYGSA+iDouofHpPn6TTk/KgAVN/1C4rBXOIqCwLXz/sLfV/YlPRAHHMgIDRa29oMdvpiBpmBg84mFjBsqvmZvxKgiBYgURUGuYmswvM3gZIEDSaIeUSVrKgSoRTUrSHAqVKiT0H4+J4CF1CECE38BxOB9KuBw3lw/8a/q3wvhcuXLly/Fcc8Dj6eC5d1N9PON7nrNOUExQ7TLzSa25KckLMDt/wBmRrAc187TqAJfR87wU60raK0V3/5KGpBTcMsqhZV7M2XGKLpUD+pn3llNUqgw6ROm00LxU3PJPXBEtcbbxHLW0wUswMWtW0sh5XA88EC0ogzYND2mHz0lND8xHTq29pgdvtAYVKsjvprHZe/7mmNSnX3gzjKy8oFJjaBdoMdvtArVAqsxWYleXMa/Z+YBSaiGZAyQAYCIU5iYcxNErLKgaQMkKBElKlazdK4BKbOCoECVqTdHgfY8I8BCEPqngv6BfBh9U8N/Vvhj6F+K/pP0b43yeHnMdIO1zPXgvC+i75fOUcoHYJo1RDqd8e0oNQQent/2ZvCyzq3z/VQAugzH2D+xTfKNC2/PJlBoUeftKKyJawv2/wCzVFcx+dpZjQuAUr5d5szCXQrJKDEWdDEvrNt53TQ4xtNHbSDrdXU7zVKaMbSjGPKD47T4O05D8xLfZ7QVvH/kDE05aznpHTL5mJrV8uNrB39Y6mflyqNJk8k09ntE1el+kAo5RLNYl9EU5XLbfmYi4E5EZpVWC+ksF6gY3YaKim2JV25iMJklNwNJVaIGjUBoKnREla4iSswGIbcFEqUSpvKhOU+y/FwPoG/id+OPEcWaeB43/oI+G5nw348/6ccXhfXwXL84LwVmNah2/wCwtortAebu/wAmjpaWXr89YO1ord/OzNC6+tP5Iqp9DPvLNghy+Mea+d/plXUY5/8ACWHD+MFs+2PeWvOZDX3f5DmCw02l1t/0gmizyz7w0FKvOoFR7bP5Cq5JYaDT5vLXhS23HdMtDb5tN9Aa1mOSqmGmFd/zMvPEEurSBVNbZYQQ1cpVk+VE73Q9om90/UBmjVntAQxz74hHY1j2jo53iG58uU59/eZMPmZS3viBnyQ0Vy/UEFvl6YmeLue0FUXE2Lmxn5cqLrZ94aWYDMwHK2A05r+RKUBkkxdvONyo13iLYhw0gC5kqoMkDTEDSaNJbM3TfiCvTaGRA0gaSi/OVE1mzEZTcCErSfC6IQ+lnhs+FvMrWb+HPi18dcU/xH1r8V/RuX9B458F+fG52YvHM7R4Vnmb+cHRbL6rfnlA4UDzqDs7B/YcieVwbvn5k0H5ehK8Uvb2YlPw+8oMPXmezOsHnDdmnnX8n/Ai0Uq+8Vz/ADtKr4e05A+d4mE/B7wAMK4abVnb2lBpDkAfnWCse75cbTRywluvL+RKu9L5tCl5DUoa5dfjNdTLGzK06MfKhhghZVCMwPjHWPP435SjO7az1xAYHJ7dJVBgxMDUsjvmPVArkupfrKKqW795Wytf2a+NdIUYY1HypRNQvJ6QGFdWXXLer2YWDqx5ZjoWMmi3lA3+0MNh8JdBq/dlNGuvKMLqrTd6xC1GPuobsAutGCJpA0lXUwmF4jqlSqdMQNIZENEDSVK1xK1lZZUCBAuoNJ98fhCHivgeE8LH6V+HfhfjOJMf+BfgONy/oXwvjZL4MuD1jO0Kndjws6RrVg6HvEay+/8AyZBQ+/sQDa8s+8TWx86s5jep7Rs0HnX6JRWGvJ9yDcdlDsE932ZWsh5sYKCHt/IctfLSBN3nqe7LfM9o6lfn+6JRWBfnMi0ZPkRbq9WOne5/uAcuq8+0uwU+SL+Zpo7CC6+hllz3r/UpTj5ufaYByMTlH53hbA9Pm8BcWWaasMsI+eULtV/PtAYVGJqH4x1mhi+V1mlNjEAWt+8Tcbg/HSGppNGEiua3fb1i5S3n+YnXm/eOTaua2POYFBAXifKgfjX2lGJgt+0NQ1qpTaXeZQpTr+4JUqkd8ww1laGfJEO3WOmo1JcDmC212ECBJCl3z3mvFKta3NcugbwtPNHkIqtjURomspjHBuKjSyuOZQWIHSVA1jpwqBUDJAuoGkJ6L2HA8ZDiQh9B18FQ434zwPG/r3L+vcuX4DxX9a+NnTj2mOczM8mPEt1dVKGaEA9r/sS0e+X8Zbn1f+R5Z50+xB/4P2Q2PLMEUtR/O8QDY7wV1pXl/Il0O2YU7/r+2YPy/wDJQ1F8/wCEa3LrZ+yDVEJdGV6/2c8/aN0PzylhWPzo95rv7YbdE+ebBb1VrX8gtAeeIsHbKF4j86y2t9M/LlYNv1JkZdfOkE01+dpRjDHlClVNWWe56dZYC3MLanyukyDnqdq6SohQVDynLOqY5Gdv+xTOYqvVmrWzO8qZvToUE26ZJati9fSNAXiiz0hB2JrylDpCjA/LljViYNDNSjSsBNBRDLAADReY3a1EhrKUKWH9y5tORZglhUrfbAb27auIVQtbPaGZatJuxpL5xHJOG1kLVibJS1iOLlOZUqBA0gOIVjgEXqPEQhDbgHScuBCHgOB4b4b+Pf8Aw34b8B474PGvo3xzD6Vx8VzLwXy4De8zHymJbzlQBcHWnNYeR/YLsnzzlb/vfqINe5/wgP8AL9kRqvKKW/6/pjXWnmxhsfT+QNgQX3j090573zs/Iyoth5xRX6T9k5Poe823W9WDNVvnj72joJ+eYKavpQ0mDpmLTGbp/GY9fzGvxNwk82KDR3+YI7XbRi6qSHLT0jPXLsNwb/8AJa1UxrAGLBAWYFd/eFq2GlZgcGzylkYUFo+PtAGjj+dJQKPJLww9f7NSt/P+x0wvxz6xsuV6/mLejGqtXXLb0gTYlTZFo2ZjVRor5rKWXug+3WYgL0jndsV5sxNJsL/MdbmjmLyMQXDNhBRptKou4rKMUCDcDvKx0Ty9CGRXkAmOWW5eUyCKsQlUr2INSszeSWziVnJKqsQaYmQYiBEcyqGqlZZXAGkENoEOCvxEQhtCG0NvAeE24H0N+N8ah9e/8OPDfA4kH6Ny+N8LmeDL8Fy+Nk9Y8LOkuevAMAOR26y6a/ce8aM9+z2gTf4H71NXD5U+5Daby/6i+qevvcTo9jFaV3kP1AtjyP4m17x9lnMXzzRsbPzb9k8j5V/ICg7GiKHJ6vuy6rf7e6NNB8/+IaJ9I/UrUgQ9DKe6DBVg6n3pil71MoGoHt7hK0VdLP2QsNbdv3FttmK1/rLTFdbmPWoA10oox8fQghqtBry5IWjqeXvAXKAFLEzfwlFKHw6SgDArNyys0+eczA0dH+zAi3ln3jdUtCGvXuPr0jsfHpPI7n8lCNaIWh+Ki0WFgbJZ81jpV8nPpLCt7ZjPqjg8yK7QU+/SO1IBhZkgZNICjS3SDkVKpG8E1a5ECkWZVLia5F4oqUFF9sykLUc9qgItRWW0DAx1yGzErpKcYhoxNmIUNMxtNSytZUIPRA0htwYwMzL4OeJ4SGIf4bh9PbhX16fqX9AeJ4NvBcuEvwszNpfgu+DZtB8pZzjfDHSXW5M9ZTy4FHKOgStKK/d/yNgo+dfomz+D9kTZ/Ir3QTYd/wBMd4d0IK0nZ/UBdB2zBpidAfZS4t9UflQbBL7vwmb9R+psz2e86FMd/ZZdSMdf3aYL9yigjYdv5MsW9MygMvkv7ZTGkrzT7jMLevmkeKHkPsRIVX6PuQaSW7nq+7L75O4+4x6A9cxRqfWv4S9q7n7ICwptFmSHR/ssFDPWWZUXm/aFowwjmKaKEGkzg3rBxRG9PjN1M3Tof1G01c69Y5jnEXbmdvapYu9vL+S1qtEHR+NJt2XKV6vy4sZbv5vBQi0DdSy1RClMVDLpEw/CB0GByX2lkpW/m9poTIFVxOM3C2N3UAvZYF9+8AoPVdvWUmkXt8YGxUFB+ULRYVLoBQtjYUcwl2sGJqbolrU22g6ILE8kTpN2kTXgBAgVUDgnDnAjv42eB4CEIfRr67rweNeFm/hvwt8TwP1K/wAA8L8N8XhfHHTh3eD2neZ5sTpPSY5kHlFZMazv6jA9nzo9iD+mPsibhDoP7irnv2+0Sa90Cuj9pC7QekYW3XBr7LBvaP7R3SqAdo9cfyC/uJswP39rZRFyup+VKahea2/jMcFfKj9SuxvSSkB/t7poq9T3GWFVPRIC6J7e4nML0PchRU9H7hWbHv7LLNW7P5pimqPQzXLQx82JQ0peVh7kwuw8otFfijKs+XT9zUrK8vaAQx7wEorzy/hABgANi9sxXS6GSEhLG6+ZlKuKZ0IlU7hvnOkpTj7wVL1s/MQEDZttAxnyX/Y8AHyus3jrz/sumqxFoWyilc4dm2oM2jpp8Jnhjp035QF7CoADdCwaC5QaslxFAC3t3jTiGivjFa21QHQ87lqL894wZbalwugBO0F075AxV9T8ESvMUXAAFhTa19I56o9EMyClYgVUCbsQbJUohWJyzOUzOfBmZpRWvyuEPEcT6KeF4HDRj4CX47jMXwqOP8V/Qvhc3/x3xZjhfDEuW9eGJfWXwa6QTnL6zPWBpLNSrcHOoOKTyL9KMsdX55sVyp2T8jKtrzxGP8v5APVyMxdMJ5X7LKVq9U/Yx3Ljnn8iClU9MHuQGlDyVItx3T7LNBu6t/tLIge5kDyjyP1Nj0cxYYU+clD+gfZioq90g7ddL9kU6h3PxZBbB+6XAva5v4FFto3ZfZlkQ2sXkaQ0Opry/ZKzarbMKWXdTWC2i/WLkzdorWcOuYEqvj1YAdHPM/kFgaOgkEpv5mIsivO+Zi8vfOdb86ReS8ZYuDl7VEraTRRyFQVYPJv3l2pioGNZ5/GF8mJqVyQ1RorNcrNJRZ6PhMNuvQr+RFMMa/KlUAwgBlgFKBHEDWR+XCtgg5/GXV1WD4xs529fvDIutaTqE3GQ7sLzJekIdocrfob9IFWlxiuXadL+dps2fOkxqKj0xOkrXE1OkrgbQNOOeNSj55HbfG+B9A+ieMh4CZ46H1s/Tvxn0L8Ay+F8LPplzMsl+BSXOzMz0l9YL1lTHSLyZbw7Eorra0xWOjNbL1p/bLNzzX9Mpsu5tP5inf7fxZDKhele+VpPlX+2WXfcYrbQTnSneEqyOz7xYIR5FyJvevssQDf1p91ANIPOSulfQ/UEaGzQfrDZ+bzzHdY+r7M5nexNOD86/SVtJ9w9yYuCdI51LXVItNbs/lGORurXRLmoOnwQo3bsTNg2s1AtremIHS6mv7ZUKWjDAaNFurFJQ3qAKJ34/kHTX5JBhkxyLkbfgTp9xiN5+eLhsasc4ccGmqfyCYTT8zRMMO243Un494JRtvNYgCvl95eKIN04WZLTfPKYMq/T1gHIa+o9oYBrej8INCCMssIrRx0jbpKCgGXhyV3iXDluv5gRIoLXLpBSnYrfprLTQRoNS4hDlqOCZqgdKIqbYt/hiORVVZv9p1qudfyY1np82hVC2fnKCa6sfKgL5uUdUOphGmwlYwYlMq6MQ041rHVmYa8B6Cazn+b6BwPCcOUDTieA434b4PDvx14VHx3L8d/RPo34bZfHeZ43F8LwuWztxvjZ0l9YLnWeZMY0l9ZnZZnkztLrlEElSwF2OUdR78D+3/hGkeSx7MU2Xb9pEcV9L9rlmpvVuaTR6UNeogFFk5FHuQRyD2TZDZ9/2xcWnqe6JvJPV+zOma8veoWl9vPtgqCvL+RlcP1f3FidSxDTB+QlL2HnX4slono7JLhn832WXCXp0fcZerW1vvGPI9h/IihKT3PxiDLs8szZTtaTbq91X3Ze3Z0r+oLVd6N/9wkFS7awsMFNdIBpn5QCxHfT9y9C+tRAKavOuf7L036Ne0Xv6dQDeI9S4oWoTy/kBh+8KKafnmQc3olVmFed5/2Wuvy7wM60mUMWDmekfF2t7kWbyjWCRRIHyzAUKDt/Jk0CZUuodAj1jeytAd/K4wDhsUoz1ltaXimTuQQbQcozcI7QHmXnFvgctfmMKSKuDSpaLLXJbBzHtH1s6KwpHaNnkwk/EBa3VsZdzRCHWzRkrpiZA7tPlRw+7H8jqwOfypaw0zKzkJ5CVppOUqUBMkrWVOUIbZnphFfy8/QIeI4ngPoHG5syr4HgODK+jfhrhf8AnOFy+F+K5fXhniPC3rwxMz1lY4X14dogbEvynQxmyrm8vJlT94H6TC8j09xMVdge1pXI+yfuNi3kWz3zlm9Q/SW2j6fpDH2FyJe89li1lurb+VBYR5rcgrqvSiCNAzfZPJqMPAd/7OZ5bj3wF4Hr/wAS7ZF8w9yCcBfxmdm7HX9oIadh9xiru6ueJTrV5l+yFMfgi442sBDTyeRU2Fic2092CGsVyT2Y2M9zEhmn0SKqQM40IPJdz8WQKKHYlcWT5tFnI7ru+7Bby9n9S7jT7x0p5kZOZ7e9QKw+2ab/AB3hgUPlQaafzpBgU3mfGW0M5ZXJXzWozEy3WvJdQzv1f3FKWJq4qYjMfglxLHSj+RqDDDFgN5cwYc/7FWPRyF94jD6aveFILNc/2OqKgdckyZiDfORvdoOsG0JV2IPs5pX1hpKRX3h75dj530hEpJ57eAZVNIb1CRQI6bVpL5e9Q8nbeXB3/Okpmh87TQ/R69Jy0QHGCGigzKzKxK8pWuk58CF4hDYudnT6FhwIcTbgfRPDr4A8OMcHizEuX9I43B4P+g+ia8GuFy8TtMcLmXh6S+sz1nadiYlvOW9ZXLor8jqQ2u1XsI1K7OPdNd6BfuOWe5NFuvMr3CV2/fP2Q2L2KnnsOeT9yzd+0IKX8ieZ5wB7kpdnplm0wvlfso8h+dvszDPcSBaj5l+ybpHc/ZAtMN7Z/EjYG+dFGzLdn3GWa9+da+y/mNKh+z+Qrr3Jvr2RIm/l92CVzer7MbAU+clgpV0uQAUG/J9iKMp9/wCIVtjjU/cjopeukmBlOcEMv2f1Nz1rICag7RU2+38JUlc9HzcmNKWN4NF6+X7iwW9q+XMtZ5bupk0OktVOh8xUve86YzAjrORW966QBT9j+Skd/H8gVkMY+VMF3a8QNZDv/YFYfO8foLZfjHxgjbfrrCqtOa2/mPNInn/YhK5wuoJpVpv8uDbZTtzqCqqbzZzAI3u2NdbhHJ7rouMmtRS7QAW6DEolauWhjGkRCxzRoctI6sXWqz6S1s7dq8+kW2+8/kamhfzpL0Y/O0K1glwMFzRWImuCK1BK8pVwux4GpwHYh2rv+V9AhDxv0uXgTibeAh4T/Hvwr6N+K743CPEl8bl8VJfWXxalzM234KS+sz14X5TuS+s7M7Q5rAtdvMg3twidE9b/ALKF298QC4L0PZE3PSFfpBufQis2HfC/cTq+bNtWXVz7IVCYdvxiUGnafySvHYsjVnbP6Y0KaOS1IY0XmH6QvS+4HuQJtOo95enSQdYvX9MQYZ64neqep/ECroeeCUmnfKBOTsFS5lndPdmTmeVP6gLb7uPtLZm+ryH6QEKGiU1Y+h7IIaoehK1U1ta/Vv7swjf5X7QQ1+uKGaD1IAtD7fyV0G8xm6wGKJfWNoz32jSrN794NDJArRa1rNSti/59oZMu1b2RUFb8Q0ImkHZLx3EqxCW6BnOJbYNkLPqISy5FhX1/7Ba6OWfeMB17oDJTrmCND2P1Bcw09PeBT5W66aRrHq2Au8MG3ny3uK0dCJyU6Dg6lymTtHYFTNK0vSXDN27DptUCSujlv6RKtPHJtnpFXv528+kwtWOdfyGl2dP5A2Ovyrl0g6sdgx5TlpHODm8Vy2cHB0BA00mw4lRxuR0mk1PnOfA8O0IQ+rjxY4Vjhibw2gTHElY8T/vz9A8T4qjXAeG2kxO/D14Ynmh5sfJidJZ0iSlbHk6Mp7nqezEHm5s0cV3B9iUH8GfZKdO3/Iu+rO5+4i5fmf1G7Q8695KYw9D9TNpeWYNEnQv2UQVVd9X2ZZqn1fmcma/I9hELMiYur/JApRanaRP7/wBKVlXkLfZiD7vE9Fo3z9qQpQUeVF+mJqUFamv2JMKXm0Sqfun8WxS7nLL+Rlkte+nozeWklnP2QDqZbUTZpo1w+yCv4M/ebO72kFVLXV/bFdw8n9Mppkri9RVQDI+h+40ZJwWRwuxpi3+zJnNWmYqH2r/cHdl3v3uGmcGsAM+Z+sTNbeXBWp3I3WstrZAM4dMQkHcvbyxMeougx6Y1vesHOpbjWDNu8ZsdN/7CnV6/2MywpWarpZwGR1vaX5D83kipV1biq9qG594Gqh6LrKgP5Y5+0YTerG6s3cz4tnSa6rUYdSLZXTSGZarvTb0j0hdGNPtF4XuuX8ii/wAPn0lifx/kGqs+h/IIJ+3y6QdGF/OkoHD0r2lII/uekyCjMjhNRQuahpAY0lbUnZMBwRGhiGxWKfXMc+a+kcXjXiPEcdeLvxrBNuJ4n6Z436+30MeOyXxGpzmeGJc9ePpL6y13ZmNYxMdJfJjKgs9eXkxOn3QgQPt/ogePxkJdnbxAs/effMV7y/3OSHrT+RBD5/ZDLXUDHvmpA6DX2h1LV0f0y5v74mg1W+h7JZaq9D3JXsL5F+2LNdtivulo4XZ/s3V/PEOrR5n8znfaJWryqz7Yq/s7d5yHvF/bDTei/qDv8+PvNStL1gFUDXQ/RKDke5+yD1HaR8/lIp9l/VsxG7vX8Zlk+sDM6vWHfqb/AAlZ54Y14tJpXm3KGgax8uGsOxmn9Qrl5TyhLaqkaRt0vFwNVm6a3Aahmy8sx0Rr5mLDHVtKVf2mvl5QbBja9SDa3fzFQKExj0KbVGKFouKm+lkQq96N49YNDm84J0LrnUYv37SKie0oop3inYw92NG9L5Lbl+XQs7OfOZ8DzVAT6JGG9dYdxRNG2MVBrXd6/CAjrrN7/iBcu/bvUGnbmlPOAErtqoBRn87QaFM6Wb46Sh51ONsdJaqr87Rbo9LxnpGWl+eN89IjICVsdpDPBms+nSF7g29oaME8hEwtFXU5AMyt4XHWnNlTergfS7cThXE4Hh28F+I2+rf0L/wLB42Q/wAd58Vx4lcO3G+szL0JS/OmjzGDmo9P5EcrprA+75W+81U9j+o7ncI/tUexFGUOmnuQvVE8oNN5K/ZQXV3e7faC6v7pOSfIfYjpUcsl/khqCheg3A9M8OXN6vsxUyfUlz2T1zHT+P8AJSFamQ/kibrsfqTSKTTqh2Flw2zeMPuTBmvr+pzJXV5q/ZEC4t2X7hLBLDqq/wAkEa795HQqSVY+6eezGut/OGUKxfzWKYPSxyfa/koW1n0CI3vv8LlFlH37QZC6dOsWQb/VqLDXOvl3BIOXVa7EFaxXVn/JpJ1Bj3TBV6CtEhDV8owWNNd3eLQtTgtNYUH97GtTOtjEZpkqjT8NY2yRWkAMjaNz8RVunnO+HRum+7Tz+8mGqXKLqD2/SMOv5pvtqlU0ugu6DvBjDCX0Gvd8Wby0BBoP1iXo9SLLPNg/ka4LH92qVtpZ6fyXujZy/kLjAJbXle0S2yr1OdXFwdelbekXLbfb+TEV9jbPSZzrG8b56TLfL82gv0Hl0gdsujTy6QxWfPSOLgwQ2fTzg69N+8dRlUfoaNyNyFlPKchtDaHiOBCvAcOU5eA4nHMXwBpxM/f1r/0PhrxnEQ8V8M8O3C5fnw2jL6xvrw7Ex0l9ZknaAurSW9yA2Pzygqr0ce8LH2T/AGFTWEH/ACn2mDf47kHQDr7QKwPXT+sf3Bj1GOAr7tR0G8j2J1D6H3sgf1Rdym6Fn4i2gTfX9MdbvuPvN+aXqXLR2+n8lJvsUyanpr+Zx4B1t/CwSh9q+DKlfZlBirzxIbU+n5qZNLOCw9yDrCxs1BzN5Rnlw9X9xbJLpd/qbH2/a0LVfvIr070S/aUZUHYgkMN8nHrZADVB+dEGXbzyxGI5utJ7oK8pu9fvAoyFQ1xbBbvc9iooE1ta364lV/ygkv2vTlCYpswuCrYZYZy1pUN8OTWjftBrA6EFtaQ51gApD1/sGlUecAbVcaDI6MdXOJSmdVRNseBrfPlNdVK4NpoZuNIHSjUG6dYpW+f4yyrQt84gWGTXIrUKQBapJdvWKPWLatzbG82WvbrmN13z5GvPETR16YocnSCOSnJ5bQIpVTN1o+kqWaL5fyIH+3PeNnvVjz6RLyjt/JhWfpSadIdzW3l0hidReP5K0n4fyDn8j+Rapl5eczYYrXfeAByrV6wysGKA00lEjJm/4nL7Qh4agQhwIbcDwbeLfXx7zlCEcnbjpMUTv48eC/C+G+BH/PiaPHMuFS5fhzx7eDtPThbzlsrgihdenv1IJ3nv+5V8kI39R/JTk/PIlm4vYlNVTyx7wt0XyGA953U/kq1p5xReH0/RBBh+xfskolGPQ9pHVenGW3af7GxlvMqOQDyIQbDsfyCY7P6J2KNyptqODGrX5ZYXf1BPZjcFPRIL7rPIkLB2R+KJYu+/D7kLFab0qSQzcvlzf5YN/S/moNwfPrAiN7WTSq1ilj6AgoGPSGWDYRA6/wBlNFb7f3B2Eg/deYLCsMPnqVGdvKP+yrqGGvfEHSVto3Yp1p5wCswsVWl9oVFbWhW8OCz1d/KtUce845WcoJqEKOzqxWZHpefSFdBdtIsgVHoJMSiRYp8vWO0rSaXFpRscZ9mRD+UMLIFU+8hVEBMTdAyPOrYd2YvOMarFpNfeIIr+f9jFNg0YNBycbejE0mgV1jjkoO3pBdCi15GZajJRuBsXrnrudIDPU0Xq7PKDF8Sr6GOkMfN82mNAvkPO9oJXYO3n0lVa1m/m9JlVa+n8gzoF0teXSKWZnTy6RYF9tbV5TWV7+/SaN0/jPSLzCPv0iLk0h9vl0ll3DfHl0mWaPgxD6J4yECFw4beAnbxHE4HiNuFfjg4eL/hfDfgfqHhHgcc8b8NkuX4L4X4C+DwuVCaGMrkfdPZhhqO1e0OYHrn2hRuINhXo/wCy2pWdX63/ACU3/SKNh549iKGqPQmjT86xe47P7ItTD9f7Fzb9XH3tHA1+bctOV30/koor7j+BBj9h+5WKv7/1lm/2X2ZbN9WXCUvUuanPTwfmoUGHyT9kK2/aU+suTpn5rCWI9TVfuCaOPVn7S241pdK9YcKz8zHpIKPzVUY7VAAIFcoFVZ3g39ybwHWAhf8APrAqvuUaXr1hktJTRPntqFRyeNMFXit5gCWsYxfpMwXsNKtrEWqFpuDCq5UVLMCZraXLshs8l6RySq1r970iAUJkxqraDqiUVyuImailVDVkHzzgQaPlf9mDjs+MCDGlwIzB1Rqcg6ObnEDj67Q1jH53FdpQat4qBPuOuWaF0c3/AGYiqTT9BcrWhXz/AORr8BTXIbgvIm6OZdyjqZLv1gWB6FMA0tpkbFQRSl0NPKc4d8+0Qa+rfbtOjy86hh3ojdyf07RFHTVdpZVK0rFXp0hemzX7bVGuljud8RpQ+28Z6THTT/d6lwGOy8m+kU51Vy/kLYZ1sbY6QbkLxt5dIUrl2ry6QU+FevH2HAPEQhXDtxx4yXxvPgPA6vA1MQ24PA/xv1V+mzfxHjdPAsuXwxymPoXQvybVZ8mVu/vgALp8/wDhBNqOn/ZVoh6YfzBWiepLaiRyzl1/cYP6wRo19fwkoFFPKB6HbhE0j6fCKSnuY90p1GuZ/MoF0Dm0fqIaHOl/xLFDzyxO1d1zXbLKJd7Wk90weheIBZY/b2zRsoZrAfgl4ajpX6sg+zt+pC/t9iC37HLLXWT19pa0i1lr2tKooBrAmPWRZqX5rBVD7MX5zIvK2jJoeRiQnCM89EBR1FrX0IcWuX8LlMhg3zUuoVXvhTrEWrLQ50colGGtevRgoy8vKG+bFV0xbqw5pXChWTfpECnmtF+0A0UDOlesCnLuteVbw2hSrXmpG9cXKRpNLzPmLiufU+MaGA+f9iBiIxq0ud/zNIOrW8hbPYlUzqipIIDyBePSKgO6KHNfeNsLq0rHvMDy9ax6xuQlOvlE3AnFstzUSqWvaogu8h50QyzdcdklpUQvJ6YmFUsER3wi9PNjz2qBd+bHrFliQ7tiJe/LpBsLp3reo8pnTbEQVrRrvm9p7PjJr0jmANO3O+kRuV6+0GUXv/nSKLY4vF8ukGC+OOkEKfj0gU0lfnQYldJvwOHLgSoHHeb+J+jfXg8XRjrN3z4b8cj9K/Bt9B4V4R+rX1hfBfgOHfxXwdpa0OzKOUFHUPL/AKQtuvyuBu5BMvz7TPX57kdj8HtCt3sx+WGvHtFmi+R/Za6nr+ma9vrf5lmKPPMIMoM9P5NPD5U+yF9KvtOItd38LLTVd2r9pbLuJIWwN3mn8yCW1Xy/UrhUnldepOnOq943n34slG+x62xS7SHZ/DANsGzAQLTfJWYAIDVVeE9YKK6T0qXkVLkvOvSKS5M6zUC3XofdzLQXLN0QBk1Dlx63DoqONaz7wyoSmHT2YX3VfZetkFefVtWMdUQpFfqDBZkr2hSON35j0YqmkwC927qIUgWaUFdt4a9KXjdToVGiGOTtRRo+Ux0aJeZu1mi7Jgt9T+ywta3z/ZYuL3/soFHr8uFg+qFOqD1SX516ySTRw3U5W9k905Ko75xBdk7VF4Bk2H+wlXyms/2XX06murrMNLF/Edg0lJWTeyGI1RvVl/aUm/kekcLK2ZrN26q6MuOeX5iFdcwMnleWae+su6F30vE0zWjB5RRVPnUNXmrrvLprkvy1OU5m2NXKvlULKakO+Jjo+3LHSOOJEGnR084ycK/AwMGJv4z6JB4nDPA4d+PfibcHSO8rhym3+Q8D4H69/Qt8WZf0M/RAFQv80qbkOsV+ecDL9yF9/r/IIlnkat9alHIdrjXOKmnp/wCy6Hw+8Ujn9YuqfOf1ND3w9xGmvm0P1K6a3mf8TWL9mv7l9ZOtp7sE08tf6YpSr54lIp81xOCqj0IA17j2sgMAHlg9JtilO8LYLox8zL8vzdBhYmby9oXWQ11MVARoSZtqKQ23fL80SsEq9H3uCUbjlmn0ShWZp2+2JQXrTyiwvA1gW3OQxuDuFQwYd8lr1gOpc35wRKjA4i+9jJ85o5XzGiwuudQikOM9KxVVAwcIdw1W9I6IaHMXYlUejm/yzRDS7ofeMDNd9pRhYzxTEUKKfO8rZR2+XAJoO9+9we3ZAa0+UdMF2w3bIM+eOffBIvN1zFFa1mr+4O6NWMNe+0RiLOZqwAveXaXjeWFWu8Kjs2vSarDVr/2FS6fbrBLPxpLObELa9P7zEUHWvbWW2cjpmIyVXrUOdy33IWrZvDnU5XDyal/MoxOOzFzO1Bb60XKsqoZ0GqYoB06ntEjL5ynUKx5awt/dr1xNAVv8LhCHhJcucuBTDgTlNzgce/ieITlwfbgzA8D6iy/DX0MS+D9Gv9efBfhIG6w/MutH6f2WOq/eF6twqmHd/kMf8wFakBtXy/7LeBc7H9yloN7/ANi9b455j5VxRnA9P5AKqfJv3Ie8ou5UC/pd/a0DQj87YpQt52f1A4UPPMiBQ3ote4QRt+n7IV0D75jXZg/EWZeq/NwVS61q1gl3lUu36lAmN7VNRcVutVFgR23nFStLa6764LgABn3d3W16IIy2EauS4Cm9rqF3rd+kJYiU9/W5TFqU3nriL0Knu6bQuG9WVRT+N4W1TYeT6qIK5utBw1mBmQZNjEApjyqGvUa38IfWzae0xYQPI9KhMlHRiAs90w3C4d/eUoppmSF9bPvcLcoxluj8yvYo5/2HJdOxT94pRSgwXp95V/u/eKK6zaN0V+cKWamS8Pab2BzIoE63rcI0xQBtTbMADUsXxb3lSc9Wt19xmAEALanNzMXk+zpcC7szjnt1lqGUcow+dZmomlrrd9Yh5u2Iochn3mqr4eVcusATq1+JROswkLNzLh53Nr94CnlYmVLtiAUt29pjmx/Icx61EbWOvswFY4P7lXOzf3jrV0JscD6BBneDpwHEIOYS8y3jdS5eNePeEdJcrhUDTzlaYmdoms7cOXBZn6KeF+jcX69/Vx/joz0vvJuhNc387QCqPztDbBJYGkeV+yCbd9Re4eX/AGWSr+rf4qbhT5xWmPzoi7ZftIjs8jH6QenyxF+B/U95aGGd2WwmQHvgJV/a/UKK/j3hWvTNfesY07TQ+cAFN6nuinQt3az7zLF9tbjp19IpUq6tvUpA5wNg+UQSmgYurzXqRDHlOWb6Q2Lq8xuMwNgL09YspvXGtfiKwHMbx6l5iWLdJ6kvkeejbRMoywtr843g9R0a3desUB1DfV7yGguY3PLFRYMab0/NwFCRfILXpCC3XrXskyxMFYP5LkAGE3YjC0SlF9Cah1fhc2tvn/ZhAS9W8/maDm8/7OYATk3LMTaebP8AYVuqHzrNGT87wGJWil6xYgJq7umvNmhiWodn5zkCNlFJALMAAlVjG0oo0iubyvkuZinTysqt4SmnHbTrAh2K59uszhYrRQwgLmV/PWakecD/AGX7om3O/OUFg0/jrMg+vt1lARaPt1lwAvL4zEt7He+sFRR2PPrFKB2HpresvD8nrjrN8/yt7iAypumkWxdm2znWC3rPa76zMOrrNd3BBPvWd0hoQg+LvBhtmD1g6Zg/Q78b6+CvG4ub6QJ2ltx4EWteFf5HwbfX3+s/SvxXE4b1/kgN59/tADZ87SvKKWmEaLtj3lrupTyjnt87Mo7Adc+0svZjpBAcjnv7Iaha6SJQP0z+4i1FOZX55oCWrv8AqKLHuntUs5AdUIAh6eYA4K+UpRS9IyFJ56wZHm/KmsqvfmPK5TThyz+Lim2y62tN3pENY0aXUU3Aete8szl5j7QGqIqmnT0lwHDNa5xygbtbmDXPmzNdVNXNfeJQLKvfMZwQdx/LGGS/pibXU5HGa8oIqDY9SAamZQ3AVTZk/tS1UBW5nnUZagK8qrXpFVNzWqiHYeUQAFYIsQrivdXDZ5TDa7tToesLGCAy0imDrj5coFBa3cWUwUBpWRWYK6bPX8yuwvlf2gWx2YMTadfaBKcF84FDp3dWUTYp80sM3FAPTrOaqBv0wLGdugvyL3jdVhbWcaIqhVyOiK0U3hsvzuCTGrbhCEoUsbGVRV5hw73jnDOZheTRqDct9OeOst1HzvFzzLj16wW0bd++mYpvJU+bwWLaNXTyp0uJbK99r3mAI+ufLXMtnPr/ANlcitNN8r6yt5ubx69YhVE41+MFvn/51jTmD+YvBmd+F9Z38JtL0zL6zz8ZL8akubnhSMqU2Y3lacG6mOHeY+gfUOFx1l+N+iQl/UeDwvwLwz4xfShUyEvpXtDGxBNUQfP+feIjUhud0Yrn+dphs/HtFDfuQ/UCGC71X3gNgV81i7Ru8Zm43je6+XWpWqt3jVfx9IGgHtUA0Z2IOTQ7VHUOsWU4PnWCA3HQ/kCq9Tlt6ZhXjzDAfQhZ3dLov8IVrxu/LtLAXlLGvrrCgCB23SGgKG+vyRtHui3J6wze60a4dusLRmtpzv6somNrWsXvj0qNiYnZgVhe3y3jRsaNqOeWTDNG2N8RrTRwYBhBrQVax3xFMgNVai6dMSzbkYr+RTX0NPtKLx8kMldHKHkYsgEfWW4o6l7cquGrPz3g5E9T3uLXU5/2AzQq/mYZdkCv16u0NuVs2b94EmTvcGufvfmEWbTtXnGvaud+8Ukra0MYGBB5j+IVFm9iWti3GKgcFq1YACDp7xqQqqZYzCjuhnXANw5Dyn0mHmm9i/fcpTaqi7l9Sji3u8kSJmFb5z3jeYNdf7EtLdf31nO1qsZ/s81ynt1lFg0dfLrAFWscfLl1eXHXT7yuB663m6esOQ1GN8W9Yrz2mz/YvNrYvy6xVz8Vny6x1kacF0zL6y5fWXxGDB6wevC+s7x38BwHh34MHxkrg52nOb8DUg2HB8+NeLMPo1Hjy43xt+ljxV4D/C+OucNWFXRWAoyRaoR5NRa4gE1lVrL52mx+PtGq0Mtz7F+5K2Pvi2Pl95m6XKWv4fiWb+8UzAgbU6/CXgbP295SqAHlmE5g6e0IuU+ecErS5TKw151/GUBAzo8oQMsNUWdLjfutPMdwzBUs1mh0PWIKAsDQZzrAbs7jlyKgpWBG6vniKCXHSBLdgL8/vAQtpwXqsywGdXLp1haxAL87t6SwXHz5ibwUWC3d17TTS9t3jbEMUmdGXQ84BgfXEG6S8NkbNILQFmiivaAYSGlYv0zKU0JgvBAja94ttQLTbK4aiBYqGY2Vzb3c0C4von1v+I2tFBs/JHsgSzWvG8NOJ8/7DT8PvMgAd/7ATNR194Wxj2v31TcDuqXfpD9UIYYsihnymsqb5mgAdQXPlUgwWLbS90NKBloowesKE+6qGLmTPndRn1BbCNA2bjv5Q0Gm+rZANZFtrWsa7svXTXrFdojzW629Zao6cW3/AGZvcVzfl1l0wVvny6waih3/ALFpHO78mesGDrLvPK+saVU+a5pfONA3PX+yi2YJz8ustM9DjO5XWcyVzcxH1l9eB58Lgw8+B5y+Ny2d5bwtl8L4HDTh28FcSExylx4XDQm3aLxeFx8GeA/WfA/5b8VfWY6viYa0dse83f394l6wF4sib/HpDgKfj2gGxFmNTpj3ieX53i3+783BRYqU62jddtN4waPz7TFYpMOrBU0lfNRgrWvW4E1Te/e5lWU9H3li6A5ac/aFwbL1/cFKxLdKr1xAKy6Z0f0RVvOekVuqA1/y4oFqU6/DMGoSOXSNcwVQ3oiwtymr12uBofdstVLbmlrGC4JaoUgcnaq2iAq0GQMfhmddaGK9aitArP3og8ChobNsXCaiVZZnvFIhsWlCLEU5zYG9NIlaRdJ1GoVKNHr6pHY3NK/kALFogKSW2arli6KR7XBWFDcWBZU3FJsHK9/a5re4F7DneOqYFkwVomcXa5pdzMvL8y/7LbA/OcuuSuNb942mxmq33hUAFqM+9zrDo3VRaUzQgKL2hOolYXWM6l7TMFZzM+UGsHSxfprCAVK5uj6xuxtXN53NxVqX/YNhEXqnvCrUOq+euZSLdAeb0uVZr4ywaddJY4G/5DDJeXamOl2Y3vSaoAlK5tv1NLmcaxvC1KrTBBBw/NWsMFt/m9yxzumPeKs9mLyhalzeEuG2fCby+vC+G8OBdeEOPaEqVx7R0amZ2gaYhipU5seOxmX9CuD9C5fif/Avjf1CDmrjUa+PvFtHIXztDJt45n8gNam84/kAB/f6g7Ndv1cvb4+825+V/wBgUOXeeZeSStMz5xXp8wIqjobkuqz+EDtAI1p5RnR+qC8XAVZ/Nf2lysN/NIMim9bSNDoHPXtOrZfnDRjt92UtQurxlXrBpnSZFvFBk5eZ6RSmLHzeGAM0z9uTFdG05S22xUDzg6ObX1vNRK0YOzfnUsqqKoo29OsOgVuRMWlRjQrdcXALL7Ol09YoipWl1jfpCmqiXlXkgcjEMfuE0MHl/JUFa0K/ka5GGuP5A1deibkPRLHmVXKDqItwY1jfIrvKouyrnMHO7NGAuLyJjFx+jsM5Ql8UkeiSXNbEykS89JbNzowWrdJiEVhUDmGhX3uAblozjJe9xpa3C2j+4rgcCm8aQ/ZHYca5lAcre7emCLaFpzuyvNFDmJEqmr85iGBVssQ556MaSm8k7QK2lHZFb1MTliAPUmDPVyzGXqEsa0zLK0NB1hblfbaFtxzqn0i4dVOTVmFlZhvyYsurfzJu4E5fQOBfLgaE20naEp4hwxyhw5ce07Q4dpRwxiEvgvWXF8F+J8GPG8bY/RvxOv8A4CGRMOPKZ1FIC1jrT5wTAPLT2gaYj+Jj3h/BX7hs+fvC3dTnH+ZVrP8AMJofP2lGfh6TfQY85fUIc/x6y+ab5W+8tdPl3ho4ZklPa/lQaxS+n8lNj861DZbBaLXLpmXAI83aVMAQ861+86eld/Pa9pbTjoPXpGVonI9pNwqncd5bvQF3z7y8K+btNKVrjGCyLzku0L/jCgLg0OuNIO9xVmtgwrQNWQe0BqrdWtsXGA5VnFbxdM0wGNbuLoCObFleVHXArlY+8XscZB3YFFBVcv5KQiG+D+QWB5vhF2+nH8jlUaOX8lLESAAARNI31RM0GrWFnfEAb3BBpxeuG7F7JW13e8ogEGZqtHaByIvaJmqHciiAmmlpHbEQRpGnvUxBlpkmQoBrQ/iNNdbXO85i4yjWZYoFVrLatsrC0aCKchWFjCNltEM6XjpFWAUNivtUtaBrWM7taS0sFzp/JggGw0vtHFrK89ukfStAcg89JRk2L0djylpRd4qswrgLFXHK9pa+ZH3pMQKNNAoL9ogdXpiiukssXRqVyIcLXXFRyWHXHRxpDhYVe23ZEX4z78tDygOMcCdpUPKVA6QLrErScp2h5SnlDyldJ2ldJXIlcO0qdp2m+nHMrhiJGOIcO/DvHzj58cx+jfGuDx2mYw/xP+u+PUfzlNXaCr+PxCX8e0x2HnBCsh9fchRL+PWdT87wXNhkulnmTzfnaJWz52mDkgc+wr3lbr7X+zq+PWdbfnnC61YDVF1ghOdr8ID/AI/kBq8P52hsHIYvlAyXU6mp0mRsXyauUhzg1FPnnWWFPUziy+cdSXTbTOCL2anyp9ILUdOv9guii7DnUFd0tOzbGwu9+7zUwcVrtnNbQpyDTTNekMqpUR6lQJSDerVwuiaX3LgA3SMFbptHG2H7FwbDKawAHNIYhBRWzMMaV3KGEDpjH8gUwOnn2iTKFnKvaBQoedfyUoIcdP5L1oe38gOMdWP5MmjDp/ISlN3p/IoBA7adqhZyAdqiFf3aj0QcIwkbM4ZNpYbDXzpM0QZ6b+kWtAD5fya+y5xdPpHVsXy27xbJB5lRuKKzlVekwSFK6KjtUQkAQtFYzpMoIKtDi9YeKUbbF3VoQToDQb9YFhjeubNssXcFuCsOdbpbwppSq01uLjqYsiroLMU5ihXIadmCYZOFNs9JamWcebnTEBeUW5Op06zlW9tiyto7DEc8tqhPKFWb77bS1OO6sUX0hlHRcnfeDqrTRt7TFy6Y2Lj5QNMSuk7SuJA6QNMQOkrpAXaV04dpXSVrjh2ldOHbhXSduFQJXSVA6TlCXic41nPC6YM5Zl41jfOP+F8T4X62OO/+vHC6fmmTPr/5Bn/j2nQirNO2IGj8H+yvd6/2aBtAvZYDngZ0nkd/+TVaMO89CXRqev8AZg1fO86X87zLdgNusA0+ftNDO/J/U6oCg19PeoURWT5aVrKFmHoQwRqFg0+l5moGpXXbyuYqd2X4wWFylQTFttY22zrKlBN78u9yxS1KvlcMtdAKOecyhSvKoXmvSZ45zl6VBIBoc/ipjG9HXdreHD0NG1Z2mFrrO27CFhdmhUM8nMa37IBaNAQYjk+kC7q0INWT8xAmApHNQpwHOghtht0qFgxx0h2pvO38l6cfT+RkA3pz9pggqqrrswugvaoZpTQdouCKBxW0KZsbTzcGmxCxzMfMQJgOfnKKglsfNoCqs9IaArog+0UQU3z+0NpKOhFJwrlr3kpm2GlSGjpy0IVbdmxUJp5xP1ARelk+CEhhvGo2hCqzRsIZhXVGaVh3XMN2VLHKGTa1INzIw5wwU4w0vlEWtc/OaI5oLS0NaQ29l/Z0iSkWDrtCBS3Lf36Swgs3d94ZYUZ881cDXPosLxFByxHpE6Q8p2lcQ6Q2gaYhtiE7Suk7SukrEb6TtO0rpO07TtAldOLMjweJqQ2zL3vg5uXF4d5fWd4S/ER+g8N/A8b+hc3l/wDiC/I/JAdNYA6YijIddfclageV/wBgpVsGnxivRMam9Q4aUpylQDsIjridbO0p/wBf2Px/7LdXzzl3eF71LWZw+D+Shm1+X8gAASsDTaAUGVee21YisyNcQsEwbYtz35S1jlcb47ywt1Rb6ud7lLa2X74jaLHKY3xtAK3appvl1hiNuLrFNQt0VRArCzf77y1YRXPGdtoIQm0e2Ixk3dj122gGDe9PSBQgZ57kJyArTYF5QMRDHVLweSOtnS4iipem/pMMGGmn8hSruv5iVOWtLisE8nS/OLWeflGoM+kBc6Nse9RU3jyg6BaTyhomiLdACNFoNqv7Rct/hnO2ybGJsggVMSWu9bcvKLZqlGMwViWcz+Q1/Ux+NkzQod6/LGiv3/FRgUDWn8gIsLp/IKcDXp6QK2IgzVdatfuFmNfzlEdZ0NQr2g2DLqn4ShMHoPSBG6QicoHeMtu5CoNF3bGV1Td9Vp02mqEXBzT/AGUBwMOhWhtUtqyKDGrVbR4rkr4G0rKPuBI7zjU3dd6hsLXG++uMzAXSjlecOkFd5bAdukUO34BwPAQ2hCHlK6TGZ2mG8QCY5Q8uB5Q10mOUohwohCEJiY43xHrBneXG88OWYcNvpX9LH07+qf6bGdJrq8mK2sY2qIVVfLHvDmfzvNfOXVxAaVgnMffPtK6PztPKlF6E02OC7uLm1xbM9ZuxCzqv50gdH52miqfO0TY2hViVwdcRiVrbN1rWksWRah3jbBwcHTMaXxOepc9d5ZoY1gNa9Zu2tuUDbHnF3pdb3D0HeHl77SwFcHlsukyU01rN84DepQrHR3gHTIed4wa1BTZtvxusyjNwLVsIF8+raONzSAAW29RtzmXC0P7BIxKV3iob1l/sWTX87TXRWfOUoLMx1YrZk9IxCXkwqNr52mra/kLUEt84osaVIND3RAaW0Luui+OUtr1m3pFZy0bYdIycpc35vabibvU9Ii0Yb9HzqFV25dvSGCtvzSo7L7lYPSH0FVqfCIPh+oZMAR1+Eq15OiUZ64gtho3xT5FRV40MRY4VNiYp6M0D8PeWlDURFuOzdp6ku1Yqq9d3Ejw1eeKEqB3jesADTGZvDYByWXmGg5DnkXAXttrARv0Zru3poTTEuvoZsrQJrL/mRnPjjnwOG0GYubvA49+HKXO/C4ecHrLh5wrGYFy5fKd/BdYvgOmYMvwnjxxv6O/jzwvw4l/+JRHUdg94DeKGRbKC5szMDKDNp8H/ACc8QKNoAmhMJtNN+Ba3SjLVYMFyYdLXzpA6MCoTC+Ygaq6Ss7bQK0gB32lg0GK55jhXBlbvMVeQ5Mq59ZhQLbffz3mvEb10W6sgOjfTXbrCgVY+c4nWkMXeHXOsHNt+Zp6wqwv416wiLVFY8qvEGhuxBpLddqlWM2H1vlpOW7Bu7Y8zXlENi8vKukO8uAO/pHkac/hNSW+dpc11WPlQNmIRq6+dJyn1OSdoBul5/CaTO/v9oUR3yr8FTAbuC9XPWFYt1UQC+vkligX709CMW0zUwNHIZ2lYYmQXmxgxplk0lLRmYI1bbNQmWEV3ljbmlp1ceX7gl6+hf9gFN65fGYxtb+Mu/Z2ZivktQeX3msfN3hlH3/2V2WDNeZkzLW9eA0ow5lZFoX5c3O8G7tWRnevOUWLlbtnrAL80THXvDgUbl2fmJB/4XKH0XprDtjrBa86tdl+u0eo84PSLdlsuXnWD1guMzvO8HrLwzvOcud4JjM7wZfWX1l51j5w85fWDF6zHDvL6y4ecfOXL6xi2vB3zN+NTE6WTT61+A4PE478b+nX+a5f0ft8xhuA5wQ6sM5LhbuiKysfOULuj5yhcvLb2lbUIXrRLbMUvDL5RZUW82eazdaZ1R5HErXEMrolCNLKnkCpT2laVbH8QESuy4oXs1p5ZmCyb6t81vFhFWMBr+YhyPK3eyjWDYb6zyHkwNqRWV8tnMCmGiiVneMilm/tfWGacSqWu5brFgc+tYxiYAFzZyi2pd1evtMKimnzadtoGQpU3ncV2jlOpSLLsR1hAdM58mGaJWXE5lMUKqNyYCqrMHAphaWQcCGwq3kFbQ1Cgdq7BBXAC110mhFXHMbjoLdrZZjOTWWOsZeRMhsC+XvKHw57xYu5yfjNHVcxgM+ecqWl5f9geaPJ/iCxXrRyXXWEOOq373CNwGjdDyuL0BfOk+8vWvAut2S4Ml23oXvUKBbOhbfvBQV0buynWNxjGerMJ18ZWjtpCA27GbrnAUbBi2Bbu7xaHu8usofJdf7O6VAVQHcOrmtYReaU6W+c3cy5yzBoMwes7zvL6y+sHrB0zOWYOmYbS+svrL6znmD1ned53l5nfh3neX14XW87zvO85Zhwd55cKeB14P+Plwf8A01WeBtmWpqg2bwa1o6wLWH2hYhR2/krpHaFMMFghGrQhiX1l9YXGOcpefAOSlalpXR0gL0gYXt0hLxakFjpg/UwGaD1iu6mZVg0ffe5YLWPn/YK1Y3Z5V1mPCVNWKx1gzmi8ee+8A7JnbO9waV7zgx7ykKemvvrmFsVjNe1XCwvu+V5iLuVj5fmLZVWT1l+UKVz9erCE2a3eXWUBzKAi4mM0zvENZjouALpmCzNlu0dAfHrDyC1gvQ9YA5q3qvvcYCFje3TnKwF87y3527xaK+cfMwYvl95kSy3zWIKcrYNX95r8NDX+zUFvneGOqvP+waa1ef8AYAYzOv8AYFozn/VxLLhW/suUyOufaGtFjkvaGbGt9/eXSLOhHN+sOHE0yna4cIpWqcw5LlB5u/xhwCKdc/2P6ze9bs0dZdFaEdW7Va3FRYlc+9xQFOef7G5PXy6wKiITJfn/AGJe/OvYvrB0R8vrEHeLvWLg6Zg6Zl8c5yQ853hNjMPOX1gsvrLxB6y5eNYPWZ5wZc7y+svrO878Lc5nXHDNTlC47cHPDnKzxPoMOFfSf8r9Z8V/S5mv3y3nKZWdGK5zrCrzABVE6BUFoxN9CYgwIVpBwWy+s134O8rrO0qlJTyYiXjaV02gryQNBBKl1+R09ppVW3SC0jpr032qYRycr9YOrSy6ZpzpTn5QKusZS6VXWGmd0HevNiLoKr7F9YOzYX99oeAMKKilQrHHaq3hSgE67eu0Wm+BXfn1gkp1dFfnWXrYNrUO5LUipcU/2AHnyfLg0Hv+MqX4/Mw+f3AszMDV87xrb+fWDmvz/spcMTrj8wBWr9Rdtw5D6QttDsLo3mEruz1iyi5y+XLbK0/OcFUyK6/2I8n79YLR+ftcVyyu2Yuk1b3t6wxs1/Oc7bq/2al1vr/YYyHqvvABk9X9wGtT1fzco8r7/uFuJZnfSIXLZ1j0BTYlLEuFJhFaZdZrIWGukGELVR6tCLYiz1zVUqhyk4CHjFS4sLTGbhTLVQIqiBoa+XLU08sS9NVUjaFzrXCuFdJmFtS9OOeOfAXC1mYdoXM8c8KudpnPBHiGC6gXKYysxxK6ROngz4szPgfHj/Ff+q/Fz3/eULdw7x1UquIu4ou6iuoXRB6CVM6pW5Ikxc7wdGL6yx341nSUZxKK0ZumpmC1Ty0qoGKUzyenSGBgF+bQdUB0Xv0jrcfL3lZrlTWGiWEQWB53tRKnIDb9rhQNBWl7krkqzRuseszAFj9y8OY1BgxeXZOswZcLXnjFQ11wD194i5bNrdc7xrqEW8izeAtpS2M5O8swXzvFqbPnON2X6/2BvZ6P9gDGO+f7G8Vf55zU+/8AsVy333/sTWTr8uXuZR75raM0IQ3X99EyDEStMgosY7aep6t7xcB6539YZXm5v7gsBYLjJfn/AGGhRIWUuzvGE9JflzjUDHdiBsa1qsw6aM9JerbbDr6QEGg7P6jrqO+H9Rhg06P6lkAp1x/JY0vR/USVKNXh/UJsLUTlBGhGRr02iMXp++kKctuNtHKPqWhGy7L6CKF+Fe0NU3g08uk0mGvnKV117lefSOYOasefSWGZjIn8jOw8v5LOkqHLE8krpKc4ldJXSBDbENsQOk7SukrLKm+kB5TtO0DEVO0zK6TtO0zy49oHDtHeOeIhyiBAznnNNuAaYlRvlGJ0+jjw5/8AD3/z3x3/AHlrwjRldJUoAxAcNQ2cQoXiekwGz8fe4CAICiB0zL0zNtZfBJXRnPEozjM1spWpbca35fiVmtv5uN6gjGl6Vy2qc9VMvn6RYoDr3q2MbwwqC6txt6QOMAujONo29LR89ICAK000uGnRFz99plrtV3/sLCK7udTfpLwCssTKqyq5un8lm423rbSt9YykwWzbYeu0JDS053WfOKoL6xo0beXxg5hbco1VlXWU5AvqxUNxQSjX36y4KzrSo6ggypqMb3NpBVhdWV5gLLWK32stQu6zKzKW2yEJQJNgVUUKUgd69JTKKAmQVUvhRW/aukSqvHy/kLB6g/kCjfkx7VFaGXl/IlhquUZDUc6jmql1/qBF+qsQ3KF1aiq2Ruq4At0rgUrEaujaCsSm8xwo80BoSvKoECnebf5CE2gydu0LNgfIULpvLAfVXl0gFe35ymZbft6RbnpvTv0gJO6g+ECAZVb8qFno3xfLpDjaVKsaQOkTXErpO0AxiHlA6QMaSukqK6SukDpA6SukrpO0rpAnaPlPMlY0nadpXSVpiV0gdJ2idJXSVO0TpK8kyOkonadZyxO0Tp9CuD4ji+J/23/iSFt+WGgBq2oHNKNiVoVPJA6Q20hjGIJi2ZC3ES30mHWMHjJBQgl9ZemYZ4bSiu8ozhrnM4wwBTWnkaQZqPn6QVYEybbYzpKr15S0x5SzEcn5q8RakDN0rObrExAvVbeSbQlWNH6LvErDgb5P6jdrzFPXpLlKDnKAV8vSDQJSuhK2oh7PIWa4jgZwVuRxtGKWgu1dxVpV6l1BU0XcNUCsJswZvBd9ZS1p741m+HcKvttBtctmrexRCCsqCr7zK3gDdsVaTB1XULduksXo8v5BYKZ6fyX/AOf5DVQ8q/kzy+3+Shy9v5CtU68v5Nub2/kqq/YfyWCJNmv5CmR9PlR7OnzEsAaPT+RzRv15QUp3aVi4M63PmrUyRYK5vf3/ABANplFS2HbQfb9QoKy5lRsCs/lhaGpE9oWODWv1C1nUJkvPlGgnzMb4pUrZWu0oD5ygNOjNFWCPOYzKIQrENuGJ2hXAOkPKG2JvpA6TtKDadpiY5TtKGVnSUcoHThXSdpXSHlK6Qvc4Am2k20mzZF6RDlmFcoalzGMR/wAj4D6Dw2/wlf4jjsjPvQBZeuvKJcrSJpiDkJXQlZvEKIAhlSwVDM0ZYYmYBJK2Zu5/POXpmXpw3nPMwriczfeJY4aDMKaseXXaFZNp7R1yQtmGKCtm72grWldcfyDFLV1HPtC226Yw+WJoHp0rG+0s2ru1+7GkQBaiy6xl8o4lG8aH4xAm6o3uOXMgsEuNbfqJoUdry36QBQNnR5lbS1zNDQ1itcRQRNSzFQPjVyVULFdIimnJ8pYyGkCLuHT+TVp9P5AtNva/aIDaYUS+0ySLQFaaYuoHrBsuh180y5UawNMXVQFl9M0fyYAdPT+QpTavL+TL5/USWr+do3bVPnlEuFfO0SZtNLztv1KTjSEFFyhqEwa2irxBs3dKIVGwYK2MQlkKzdRTSh6+8ct9/wAYLTPT4xG2iBG93znDLJc6K/MeUeW/vL61TT0HV1glYh7HYY5wm4gfvrOa1Pl+4Vdn0+XMz2fbmwMhd4v06x5FFivT347yyWQ2zwvrL6y+sxzg9YecJ3l1vL6zvO8rHDExCucKmOAEo5TWNDpwZUxqy5yxMYxDTizW5i5bNPA8U46eF+s8V/8AIxb5XNDurU9LlTZRKYxOhKrYlMJpozUbYKqXM1YX1gvOG20oouWjVwF6Zl9ZZnM5szdDtKI1x12mNG+Kbmg1DdVycm8AbUnU5WwMoWPLLcIUtKxjbFTQhS088dIVObz8vTeUGDc3XXPSA5h9w22gixC04bnbrDUj64vHpKMc1W9kNuFCwpUFhZMV52YqCwUa3ZtjpMZJC9Lz+krkSyYGbtNpaEZTilXttCtN2z9iUc8tlvWl1iIrlZMYr2lLusrjUxW0JRVGmX8QGwyuxs2NCFBy1lRB/wAZ7IygxKCAGgmut5d5RCkGdTHBVxBbcspeWCtKafGIU2vzeBzb+c4AVE9L/sUbF5XG44cr/sxCT0v7VFVt+ZmFtFsq/LgSi+3/AGHIvXP5gBz8/lw+Laus6LXXpDbaOdW3PWAU1yldl5cxmK6uY7wVFxp3vzmKgoLt5bXKU2OK7dekWDKhavY7y5RJZV6Jd7y2p35eXM7zNEGgzwvrLM5g9ZfWGRmGjMvBmXjWX14L6zvMu87w85fVl9YecuX1neWc55pdw85cxL6y9rl9ZjnLhXOWRc1bHzl9Z5MRnMri8Go8NvqErjXB43/4t+HB60/NG7mA4xwrpA6ROkTyhO5LzrLs1l73DdcUhxBb4DEx4NXeBqDVYlluRineUMtQ59IHF5HJrlN6pQViquUt3WtU6XfXaXy35sLbGjaY3SXWItuFq9oQGnT8wVGda75L2hdp3su8XUol9d0Lnbeo0sCs6Ox2jpcwW+VzVd5nyuBhYqAt5vFspHTbdct5UIovw5sRhlrXXQbweUC8WXdB5lzQ4NV9INbArcpb23WCdUVaY6SlXQ7Eaq+76TCS5VVAzsma6ywMG9fjHAFbby7ayl2GPnOLjPx6y7BT53h8fGK8/P3iLx8+svU+PvEm/uf7M7/PrFUG/vA5SrWr/s1Vemf7LKUgd/3FcCd795mN3O8+twsBU8/7BgwWxn+wISFumX9zk08s1MHOcaLKzOds+8IW+U67Dq86uEJROW9EoouW5wtEFYg2cvM3uAnMxWlIOmFFq0tKqNUKsGXQNEgmUWCzerhiiqv08DbMLxNo3z4lw2zBp1h5y+szzlx3l9YPWX1l9ZfWD1l9ZfWeaXZrL6y+suLghfWX1i9YaszdF9Zbz4Bc5eTMvTM7xvOdovXi8TieCv8Ayd/8Sp+X5oawGqVW0qGonSA1kieU7E9I9oUdY9UM9YuGN9UW0BUChQhXWB51N5+H9mVxxgFoHL8dZuPJ8uUt68dutwOVt5v9m68q3P7AaA4pM515XKkreC639YAVm2XzO8zK/ffrHpi+Vc/OYZXrny6w061T8zG9bdPvnWcxufPPnCh07/esa2NEINBSuzTrLUByM/mDILPQV5teso6XHzCq33mo37v9mpfx6xMFx3+XEfDp1ghFpudfz1mpX+d4Cb9e/S4uQaDcak9U1xve8oKZ5vO3rC0a2df7ABXTef7LoWJcZb7yystsZkIODTSA2yJcvQ3khZWCVdBF6e6bBDWA7i+0BurDz19ILsaHLSEABfk1fpE0E6hYfyWyq5z8EbqlXy8+kE2YgrkO9QbYUut3mukRtWYo8toU4tQ02imGTy7oRU4CGxzh6QNul8hs0x5hhlrdWu5MsrXoohtiHDtE4ENoDAZmPlM5mZmFwuzhvMzMt5zM7zPOD1lvOXiBecHOsvrLcZl9Z3lucXWFy2xeuIsWF85d7yyjMULzD6RxfoY4V/hP9lccW5GauN4wMSukrpCzpFciV5RvkcKldY1zIWKlvMmKNwKXcFxnhhsqBuoBcWMQUL11mCSz1jp3b5m8vKF3sdNX7y/B4DH9GKNW2u5je4OxbUTZvNGsu9prWc6wzTW84oAVaD084pGFGNs7QPS+2Ns3mrgBehC7zeN4Z5aYo+MGgU/e28Od1MdM7XtB2U/mm8sYCN3lMUGYk6IAcisGsVkvBB4Gw2hUI4UEMDZS/XzjRC7qy4cdYGuLqbdE0jEjm6C8ytweWY6NTeuYAqK7/qNLyjWyj0f1PI+dops+doLGPt/IDX6/yF35OX8gd/P8qWLoV5fyL6L0/kwanoH8lGL+3+Q5a9os1MN6fyFgoYvo9JRNG/vjpFcXPYdpa0q3S/CKt7f1MCFlXjn2lFbAOxByjkLKffySoC7NuiHSOs6HPSr6TZvrz3bRClrV0436TL3CVnOdusOK1/CldJUdWJXSV0hrpA6QOkrpK6Sr2ldJWYDGkDpA6QHlKldJXSdp2meUtxiEzM8MzJmWz0gSmZxL6zCPnM7MbzmO8u94R4seL9N8Ov0X6F/+Bj5CUuw2OHaUQasSs6ROkStiJ0idDgz0naW71DqIIwRsvhHnSzqwQ3cXVHh7ZR0t/cxrn2lsDOsNZgYizFV5sx5S/N03ieGtZp3iF5a82ciBxVusxF9SwTFUXVXbqwgOo25TBrH0UlYyxxabrvIGsrqwBdjncXA19WWM1FQBsSzSusBvbzis0xe8BwUXNTELhUfQDUd+nSPYm3JxgyYxG27CZOY71jSY1PmHnW0VZXRywu+WqOfS5faMlizoLUKWnXKtvSWMnp/I5hZ7fyICXl86StXSSlpavnSUbk1QqACvd7QLwG8uNMQvyRCtd9ImiQ8aY8oBxUTXrDZgXWLru6xepgtvzSPiYGQ10jtF6jeoOEFm/lUdqHsDiWLbnHaLFQofzqxGzQtPZnyzrEFvtQGcaGXbdQH2xjWZjMqVDbExWkxUrXE7TtDymNagRXSV0gNuJXSdo9CAyukrpK6Qh1it6ldJXSV0meUp5QHlO0zjBK6ENsErpKZtpNeUttsJSrHtwx9Rm3+R+jX+zGDVdQ74iYgQG9IdEejg9EeiV0iHKMV0lb1EvlwTpQEJXQgY0Ja6ogOZ2ipGoLGPa4K1fkiN906N0oVgx7doXY0fv7QocErKgfPKF0QDF0WY7THmUwnLeoopVsw0356ZuAXGpep06VBUCVZvXrzQVJVZa371EkNvJTXOq3i6K7FrArtLqtMBGF32mSNPT3qVYlY8q9o8n2fyBmmh5fyBtBNWdj+TWLvb2qO4OrLcsedQgCuttdNMQrRNcs5PIlE218pm9t5XLqt7ZN7SsEROg6OkfZdsEgh24LHzlxwU3iAxzGChbpXKAkdNrxEFw3KVY7TKYlRsxeSMuRh1Ynln3lFu35cwl15fLl1wm/l5j8j85xi1unxht3xspHrCelJzWDatZfOrQvlfmicKKMek0BzGtuXnLWtK8rutlxbG8THK+qC2zonK3vCeerPnzXFBwDFcq80wz6Ih3zw7w2zDQzOWePeFc8QqFYgzHOUSi5iVwxekoldIeUrpw0aRNqnbhXSa7SukToyukrpK5EphMMQNMSukSwxKeUToZidI8Xw19N/8N/w6hqG1t+CDbkmLYeUCJlxA6Sq2lNuJVbTtN48yabR8p2hQmJqaMzyStoFqqVlUBe0pDVfzpBpv+dIGV/CVrs2xK6/JP5CFVfobOmIARpvyqYrHXOsfiGLpem8AwnoZPtAxr2OVdJRoQ8vS8TQ075dfSDeicqAelYgvVNux0OkaCFX2o02imK30w56TLDbpgJiwbzFaZrEozXtAY+0GjME8HODedMGp1lcpBdYlexaqTD5LLRRinbT+1DTS17C4moFMDyuaot59MM2cg12a84hR+++9zEOzn944tHzzlmrs64gSkEM2+d4AtZm8LYOFuf8AYIB3/Ocua8kv+yljZrfvcqrWfPf1ia2p3/S5WPWXN46xAJS91/Fy1h8puXHn/YqNhY3S/cMLN219cu1hRbzte8Rs6OuzV7y2/T41npGvvOfQPWWuSuXjPmlbpyFZeu2YAu5lB3+6Us2Rc4+6K1W1rXes1npK0XK6y86wvEHBnhtrO8vrBg3vB6zvL6y+sXXPAes7y5dzvO8xMG8K4Y4tIYmOU7SjlEM0RNcRHLK1olO0VnSA6UxIrSyeSPl9G48D6Nf+RX1POb3aA3K6QHlO0S+D5QOGomc5ROkS9pXSVKgs4ldIJynRBkYlZqtokCmqhBbaHlib6NswvG1wrl5wuqUJVDAAuIXu90qAKGayY0glBNdIGaQsxtr5TlzvzYaYBdGkb1aNsFWbR2DvzlyZtl0GMjzTKyDIx+d4Cra8fMzoy788nOHdZN+fnlht1WjDg26w5KK1UrDV6QQXS2L0esFklVZ2t6w2Lbxj06yrZm9+XWMeUtpze25ceBsOHHPaLqEmBd5YpK1Ub7YqN6ObpbEcHYzH9N5hhTpmYEFhTjz/ADA5FF7waKB969I4kLaJbQhEsHk5MQW6uWFBet01+ItGjNRZkeyBRDVWvSoqxqP1Boowo88DOlyro/ZGpnasbZgr4uBWwK2w7YMSjXI6dNI1BRTLzbV/qZUG+VmU2QvHDPDMzDaCzNcHzned5fWDW8ut4dI7y+svrLveN85g3g9YecPOX1hzud4bQR3mIVU7RDhRnETmTtiJ1TtESmvrY4aTHjr6d/8AiuBxFc8eUKvSCb6TtKzggYoJoqo9EvpKOUpuVE6RrlO0qkxqQ8p2mGmss6zFsWCArWWVYwGkYNXBMcm3xg4RoyPneDZxvlcM81X1/MGwD5Z/iW1kZ6f2UpMdvIOkZg4ZylAv2TCIMZTfSL6oufVu946nx95YjVv8uD5Xzzl2byzcL5tVFAtt0W+nWVVlg0eXnGsD3HG95uC1AGsqR2jWMnezNXK2NqOd1jz3jg/PegL3uICxyZ6wOuZFkGQ0cZlB7MseeYMuqw1W7Ksi4GWxLIUeTTp0jrBQ629oTA3mwHHeoK3B7fyFTTd7fyc0aV0ekbDQryhXy6Yx/I1DHpW/pGrcPztAbPur+QtWj55QXrs4v2m5v6fyZ7vnaEo4t6P5AUUOjzpMOJlNGtX86SlAfYw9Jmw1ur3rDaWKmbbur0lqKpp1qzpKNQyfbyQxYn6Dp0hwN7dqOiCGi6NdmajuK7QNMSmtJWuI74idJXSBA0h5TzJ2h5TtDgDyhMxuEzwzzg9ZfWD1l9Zbzlw85fWXF9ZZzmu8s5zEHrLMzBdM+8ayxrk8amfHnw545+tXCpn/AHV4nygmjEEnXzlVE0xKcoYSzEByZtpK6QNCokSXmNSyPnDWBOcXWXCl0wNKS+UCo/P5gN2ohc9vxmezf83m2u5hgttjvBZLVsXOYYeeCXcnaG8uMBcNKuYFveYK8mmf3FwZVoyrccm2U21AqOvWBhyEHnFveJY5N8nttM4b1zW3SNlvjCjsaaS+ALnntfSYyPZW78otNHbR6dJUKUVbDZxpLoYr94Gt226+UrebU2xtGhSxZxK7+jhrXXOm01SizbOG/JDvLSCWaB12RjWqaBhWRg1R4SDmNbb065qohcD1mDZ+VAKvQjpeiuU2BQvSJSsfaUOAi5IU9SCypNzGksyONyYaNXtZLqtweXSYxDKdTeVJjk03GpqArV6y/aW+63FQfmTPe50NXmKpULD9Zlei58tmAyG8iZzGR349VhK/C5jExMTGccKOBUrpO0rpKlY0ldIDRjE7Sukp5SukrpO0qB0lQHjmZlO7Lec7zPOd5qi+rL0zLi86wTW5fJlfRL1YXXMfrV4H61R/8E8SVKxq9p2hHpBHyZnGGFzrEpCUioUbzvO8buLqyL1uLKxBtmWqZg9cRULaOd4swOmXSC5pJbWZol7kVqZsBXeBrBWOcrKh94DoOxdv6gNlo5eXTEWoL8mrryiqgfnlG7Ls8vhEU/X+RoKP0/kw/HH8m0WPlXtDXVqOX8hWxVnP7VNgA0bsnTaFhWhuF1ZtUHiXwxtMyhDOwYtraPxMobAr0qVSq8XhN60xNdVrYU5ONIhKNVd1lgdVm/lMTLKt51GRv1SsG0ziWaFkMoHflKaprSc9Lj0Ctcg9pXmLu6xl87gUA07fmYzXy+MVg9fxihVfHrCrbfzvFM5fO8vb5/lzA+74wBp7vjKDVX55xMa0z5esbgf7+8pQ1K+bwXdXj5rGtvDn5cW4C3fnk5wLF75Q1v1haBkpenM6xLnq+d4EbtkvyJUJdPJ063Loy7n5bwWYm1iurVZ6xHn3Zrk69ZYl6/kl9Z3lmcy868Mc5cJZL6w84VLhMcpjlMTtKOUDpDyldIHSV0naVrjhUrpOeJ2mZTnHC2W85cut5bzlx5paxbvC8+CvHt9JleKvDn6Rwr6m3jr6RKW/GpWZyxNekqg3AqAYiB1Y1jMHTMPOZrWY5zpY3HXWACB1imG46Je0G7cYh0E2ZFUdpQ2en8htgnzpB0o35fyXTVfl/JqCkrOP5HQOHUxntCAH4fqO2+HpLc18ekpuSlaSmWvxA6QHyoC3iqhXXVeaFNYFqutyqv1uAUITNlVTWuZhARDD0c1cEOWYdovf+3LS8maoPfNQrKlY04WjmrgNb1MHfzh4EC16Z1jro/zeJTQO3SLdNut3l03gKAdOh023hXR3ZRfpvNm9VjeEi8Gs55940OXlb+5TGo0z/YsG3Tn/AGDnbG809rYvNm4uDvvlgoS6Ofuyw2MDnJ94+Wo6sI8xzmZNG2Y0sTWcree0vNVnDluNcKKUVQvBEVa5zhgqVXzd4Sh0Nnng85a9HLvsRdajf3reDbddUd/7NdheveXa/G+B3431l9Z3l9ZesHrNmZdxfWD1neKc5cHrL6y+ssmJiYziYmOUo5Q8obYldJWdErpK5krpEOUOiVyI3yJzxMxuoy3GZfXxseL4g/8AQrgeIZq/5wvGIE5QSiJN2BZmADWYd46MyZm5O8t5s2VjfOWyoDCVsSztAF4louvBUJNvtEdZUSl+PaXkyuajGe0ochfKZ1xyqoTqVDF1cW0uX1JfNl0CkssqbM1NlYZ+c4UNbOCudaZhXMowb+twA1nAvTosCrppMvfkMeC2m19r3mdVOvvcLlS3nfdvrEEON29DF7wCrUL1vPKrlSt1TO2SXWWVpzUVGVgp51VFkaawrq6spM0nfTziVMAYXO8Blhltmrx0ggvOcax3Sn3vcq6iuHUdf1FQ7t/1ML2v6mQanZ/UPfdsf1HLero/qf0U/qGn2tfiFj9f5BZu+tnwg1r7T+Sqrbyz+JiCjs3+ILdnb+QKjR5fyIpveX8hvbazLXXyimXdFNJtUzACExgSswWOivzA5d3LauiG95FcdYvYU5Bo7jpBa1ltWGS3Js17R23P8sDmdoakLxKxM8S4XBqrZ3neZvWd4Obi9MwesvrLreX1l1vB6zvL6zvMc5jnwxMNQqB0lEVpiV0ldJXSV0ldCU8onMjZsRa0rxXMeIjL8b/hf9weDrv5yoE2EW00qL6yvFzTll0sY7YXM4ma04JHfEDpKKMfKVK6TmVCduC8MxblRUGK6Fc8/wCz+t/sZLw8/wCy4IXmPNB6wdLcQu1ubJjYzcWirTzxLGpHnWbqBosbrTeIrv3vbFwV6W25mgQrvd1ggWFCt/zUMiHkO1b1LQZKmjz6TGh9nnKiBFqtdo7Tcttt6vOpUKWLtqz2l0ax5GNekqrFresU65qWJvb03x0lJlKOQYrymGRo2o/U1NoK6OPSFBR35a46S0NflWnpMjjS8zDgXNajPaNbZvdOIlrGe0pukBYi+VRq1o51A2HrUq4u+01Kh3yQqSvxDEDUiqDXnjEUavoxtWrUNeQYE9mmIFnQP7ly+rL7x0OZm+rEo6Kaoej0TOhjr06IhiChjpX8itvjbHVxw5YhO07TtCVpiHlKeUznE7TN6TML5TPKZmY3MkzjM7y+svrL5sHrL6yznO813nTgo5zBK9IVylOTDoaqUdpV7SukNsYiX4FPjeL4HwP+6v8ANIJuZhjeHR4PnLTeC3LGjEKouU1cMtJ2gGY6x3xwGgExMVE1XO86Ryin4/sMnMXU/b3lKNvneVU9VsWVVa9YreZm6jDZswIGKSw+fxEtwrp74jUanan8QNkz13cq2mMFdOxf4gbvpzjLpmpodW6/HSBL1Qbor8QvQ3UXWi+kAhvJKurxtNki5J22hiTA/FNQcen3zptDapbq2lovKM0OCnU7TeJ7bwqAXs2RQyilYwusayi9cdOuIviu7iv3FbyX86y6mj884iF9+M/eJmAzvVfmO651p7ZuZL/6+8/4MLoLvzrEMX/x6zVDt+M2FneHYvX85zANh3NIrlfz2+8JeT85ypV2xiry2/GFdQ6fbrCoQo1cu2XMFmsXY6oA1yXX3jWxbb1YZGyyX90oNrDp+EcgrWL7EI3VjfQh3n/7S8w24cyMxCoVhhUxCpXSdoHSBjSabTySukDpKeUrpM8p2mZbczymZmXzZfWX1llYZheSLyZeuYusXUWEWYmGHJJ5JXT6DM/6a/8AIMcTzhBXCmMqtCECwQyGIxqXAIwFrMtpct54jbvLlaZmXMwm+C+8U1luU30lZIr4P5K6Q7nlNivtCrR9v1BOT8fqGYmdiyC1l3bDM2Uc6odpVqzdDjHaGOAK10x32qZW60A2Y7yl1Dpv6XC0BHSgGhddZaqExaOmnWED8aec6GXe3XrNQa07otusqI+Z5bdZcpO5+7mmpv8AvWatfyhxZpQ1L9ZXLeBS8vWbt5s/uX4L53lBs1839xQW+vvcD90i/eZdLW2XHa4jm9PNqXj16t/mNIDqbsFp7yiuvVqLPDBpbEIWX5rEw+7GRBq+rUtRBrplguj1LLtUt2xem9wIBUAEXuXnMSOQ0tUfIaHGfPrK02tKQvmsNmrmm7uQFrdb7Q0C1gBnpG1RyLm8AeaIObh8uY9YpuZhtLluc8BzrOWZfWd53neYxmWG8xMcGpiEA5THKB0lPLhWXEqO012meUzyqZqZlqSW84XeYfOX1mqF6zzRdMzFax6ZmMcb+lXiZXhz4Lj/AOIErwkX2yeaHERunBKiTtEs0mJiGicyWbMppFNnvLbqZY21M1Vy17VGyBOcobPwh2IeaK6RJXSB0ZWdJRvAa3wC9fH5mLx8+sA3vdc/2EA5tZYop3mj/wBj19Hez1lCUsuPP1mMRU5RuY6y0KXpWi273hpGR6ulvWPC52XnfF7ynycUr77x7WFLzgRit69dYq6q99XptERQXONX/kptMbwufzU1rw8mJA05avtObV86TU4U9H9QKYJfR/UBpXrH9QCm7yf1BLRrca9YuMR0DSLWul3qEw5mOjygYAsLekW0VTpGp24KgMBpnGVP2gDJ51A8Ll5ZhMr8kx+IXxZdiv5GVFtobekIHR5mNukp4cnDGBvaDGVZt0ekvCqQUa11ltK1DbTMO2UZY7IWg2F+tTAscn7DKrTKLdOyIgVVI+jPuOGYyngXRM4hcLhd68M1rL6zvLlvOX1gnOX1neWVdksmJZMTHKV0ldJTylZ0hCunBTDogxbUVlxaRZ1i+WETnMUv/KomOD9Sn/xfsk7w4A1hKjxfKMGKDMmjLQW8MuWBzHNZLMaMQTSOExmXtUumZcAFBNG0mMzExzJ3ldYVF1pB0Yefz1lsZjW8peF6HWHzvVv1lRi9tG4Q8c6B67Q7qdnV38oWVmmz+oFOuuTjXNQAq+x/U2uJjZ6dI5m8UjenGkUMUIY2z0jzlcXjf0iWr0GmOkEax3+ELVebQ9o/wV+pmB9v1DNzVXap+peT9fqIa5vTTL6TLIMVv+kQaU+0VNHlk3lxHrjEsR+kegnnZAaCvtACgNw0jTg66QFB9vzDar7TAuN84lIX64h0A9yJw3F5IimTzxLxk8thnGkqaFqc+crty9+vlORbhrd+iClqqH2mKxQYlBYbX4Ygb6uXmr0mIyvM6CUV5sTpGPlwNsTtAla4gdIGmIHThvpOtQ1mZmF7szO/B3hXOd53l9ZjnLDeYmJXJGqICiLakhjgCa/AnkjeLJmW4ltBctYsvHjV4WN+AjwfoP8A4FfV+xcCHUjlK4Odox4PnMlZgzYzKZTriUxW5KcYhY0EzUdN4FzEXrC11ldZvVwesqbkMjMp7wKM3EGGPj0l7bPXH8lNrR229oaKC6YwvG1QrxYxtijtKFUjN9/SE01ZZV1ulViY2e3L9QEb/YekCwyu9ufltDgaOmOkBGyhw2NYlWNqNkzF7gPZeeuYinKm6v8AsFZW9Nc79YxFb6Ie8DY6n2zrGnd3/stjUXvmBXrvWmEBwo30i4ARm/hGYWTb5c3UvneXrHz6wRl9kX5cD5vGmwQS64uK51Doi/aByLG8AUua4hstT884rne+bw4TAVdCOswfNhgWvpqHmhKONR88r1jthWxWt6t4rpU2aY06zSanD49JUuoUZhY2flhrncz3I/hmsZeW8azMZmJjExiY4YhUK5Q8p2ldJWRqBpiBvAdIY2naMtmeBfOZN4MvrL6y3nLajvMc5jnNFzRAOUa5QrlmV0mmxAikNk7R6vqh9R+tX/hVfl18FRKlQKY2pO/Dv4D5RlTtNEomJ3mLBYlOs7yusSJFYYIEPJFbRSakKGmkBK+sKl6Z8yG4qq1s1ali6cvb7XG3AB0/ceHJTTrWNYqH9PPeKLMNRsb1reCYNPm8TWjbvVbw10/56xBZW6fLiXD4YreU6qNCDttf7lqJL5rB0bZ3tl61T1ip6BnE0zq53VRQEmC8s835mPxjl/Waj9srD+xrds41iVobsol7C7SAVbPWAGmubtjR98yzUfeVznpvKFKnvmJWr/MYtMuDNDnaEQOPrnIJqryUt6ShOhErVzoYFK2DdKxgiqqq6taIe7antbUokHCGHeyNGTRntPkv78NwO7HVl2wcmYOJcXXMzzhL6y4TG7BJi8ss5yyUcpRynSp2ldJyxDy410hZtwCxvnLecvrFveW8+Cx3lkxCZup5I0bSucU5V88pbH+FX/kV/gy+bV4G8ITFQIspzmOusTg8K8Ny3nGXwJTG7cSs1FFGIXgSAJEAVptDuQG62ChTK1r7+8NGEfPODzS+l6mc1j1i6aPQd3rcVi2zN2b+cZkXst36XtOzU0XYeuIE2erW+bjApnbMqP7Fe1mtoPv+pswrv+olNI2rz3iv5OavztH5r+QGfb/JRab+n8lXMT55QAlH0P1A86Dav5EVrPnlLLVKYKY2o/USnKdP5LWm5xpv6Sq9BrQRpFXoZ6RmBc2MDAbVn0hJUa8iOVTpiAGQdIpQjuAVB/zNbSgkaGqZ23gjYdHAbOhtEVu86w2YRjtG63MbdIiZSlfLFs1GXUxvjmvSKl5crb0jQaKZrbshdNbPcP1MKqFX2ZdVN3EDJM4xNCZmbmYXC4Xzned5fWHnL6yznLOc78L6woIBDymOUxyldJXSU8pUVyjsTMIuHzl8356weqXFxg3jPW5jlE5nhPoXL+rfF/xsP84e7/LDiZ4LrU1TKXWhGPlK6eBIDM8NpTqRsdJTygZoJtpKJu4gLLlCY1Joai3M4FjcCguVQlq5I2mtPbtFqpRbytmCtW0l++kLXrcbZXPSCjEK28ukA0mj1rtFKVXWvxiLbbaIVo/b9SluM9pzVXpGsYr0imf5NaV+JbDH4l+SXnkPSZUuXhaep+5hunqfuYUE9Yt2vM/GbtfneFumLLSHT4wowyyfGEaFug16axIpObjX1iitjp8ZRqyj5zmW0Omn7g6U58v3LjIxp8uI5pd6fuEN1+37jUrR4ot2p06yjfZghcmL5YvMuhDbR5JpFgdk3MwAJTZBTWn+RowNG8VlKv8AIy95laQ0MTtE1xO0qA8pXSU8mU8mHlAcYhZMyotlsF5svBL6y63jmD1lk7wrnBjExiiYq4L1iukqAUiuRM8oWzPOXW8/JL5xd7zDvFlb4TieKq+pRxpqNx+u8alf5/vn5eBEqYcG5UeKia4lpdoxItVwIMIxtgtKzGsQzEmOHeBnLA84OsDrK0lYEFqkL2+qZyA4wekQ3RGYrWrvGCGaTQa2i5llVriLoU9MZjK6dl1iAtuznKLbllGHrHTRLKcy2vx95a1fx6yxdr53jZl/O8FTLfzrDd8feN07PnWXfKvzzljCj36dY06td/3FUvm+XGHX1v8AcGxu7/uWoVcsK1o3z+5cLguW0a33lHWAc37juzLzdPWFipyXVv7gTId39w2l3X9xA1a8/wCwKhX3/cAVxrGf7CWXbn8ZfBUNDmirOsv7XQPNqCQLOncDzl2qODbRvNyg6FZ8r84G1Wlc6ItZh0ijNxrWWvSUssBWhy8+kq1Fnw3KHxmWVXL0zMVrHzmLeBRMTEKWAcoGNIdCdpXSdpXSV04M8p2mZmW84bZmecHrL6wes7zvKG8ZqGHaV0lLVjCFVtM8pmW851oQ5MPL6i/Fng/SrxVK+jX1K+hXj3R/0SpkeBUSMG/OFY4YkqUxIDLQ03gjdkrpNiKuGJ1nm4VmNwgDUvvAXpDXiAqaDhg5NJYJcFF7pEOWNnzWEiJ0+MKaRbT4xzrhl6UxWWzKkRSriuQlTQpqVyQOc9f1A0x+f1MB7v1LLv7X9QdxfsvtC/P2MZe06NQjXPFwajPcqMgAw8osGPZGRnUVpGvBogDRPMrD5xaIH0t6QAXjjb2hHkCC12ryYtaPQQdJQ81Q+o1vj+SoPJNv5KYF88Jyy4ii4p5OEHQqGSdMYesu4K0xnOfKCSm5d60UKUMa1mUDvKK3OP0mkMEXdq1iD2cTW9kVjOMzPON8DgMvrL6wdMw84+cvrLmOcKhUo5Ss6TtM8p2naZ5cO0J5mN85fWX1TzS+svOsanVKW0aNIro/O0p5Sq0Km7jhbYXwrwHirhXEr/I+I4VK8NEx/lPo/k4K0w7ym+ARhJaMu4TPDeVHCeWOeJaW6QnfwGVAK0gYxiFrojVzCQEAh24mgmOcUXht2lCBStWH1WurGxnPSTCorN9JXSUcpXLUKihgQ0hVo12jduO0LiivSfDVysjYXtBie5ULUoqr2jawepEnS3qRMpWXGYKbL7TXoY6kLW+5DLpfmQGsHTSaQp53A04z1Mx+CXishLVn1RWvrzjApBK6TBT8kbTT7TCSnbaVRzh8pg+aVpMBsvtzhW0NnLp0i2eGwoxjylF842vN6NdIl4W9ZXXECwJnH3fKU8nfefJGuUd8Spyxw7QldJmFwuW63C+cLrWC4zLec7zvwxCuFBtCp2luUqKmtqmZmF84rUCiosi3NqWO8wRogCKL0gcoQzhleFv9CiPhfBvK4V/qrg8a/wAFe3+TiqlQxFwFxINOvAXaEMwmOUAR4d5TXBWdIjElQF5ITWngHWBBK1l7KNIgEEbqWrZgNJfgURTEmN0sojWSPAwmsKbwrnAK0+v9jvfl+XLcc2/xlsV8+sp/5/sA4eXEBezHyhuGV9DSMADprGv/AO/vLUJjWMbQDyd3xj5HZhX+PeLDQIVCZqHS+UIwGw1rFQKN3peZaWYecPWt1pJW69WACl3vBixWaxUnM3hAPZGVlX/YSg9OIKm3/eOsArX5XWYgFbzs79YASmC/S81cMByXZoJRzDzIZQ5/nFbSlswzGJjExw2naY5QM6SiV0gaYgMUzPKZlPDN6zvLqd5fWebCoVMcpi412g6S0WjyTO0yltVf1YLAh/aXpmcszCmJRyjTt9Xb6eeD4q4VHw14a+tXir6HwuqFcVzOA1LIw0sEGuBi+BFyzeC+ksDSY1iXxFecYcAhC+UDSZzBh2iALmOl3L2YuSbaxyY7zlmK5tmtZgecBzmV5wHEBKogrkhVRk7ZmIs30z+prc+9/iBu6xpdv6hsTL16dJS53m+0ZE3TXL81G3TddYtQrXkxSaX1/Uu1/P8AUNkPUgiYh5UgoXs5fpwAQrXq0wqAAzypAAHNd/4i9vw9IotU6/8AEaFnx2lJtK8/1M6KrvHMSg85YC+8/lL0gRvRjVlm+tZXlFf0b9l6wKc2tKvO0H1SRzW3G5yy7ZemZfWX1l9Z3h58CoVCpi4VtMZxKOUrpO08kqdpXThTMzMOrwsN53neUTG07QIpg3Ydv5EQ0lipnnM1rLrWMu7Py4AFuJZgv6tcH61fVrw14g+nUrwV4H6n5cKeFaTNENpYlwxHgIN5bKY3LlwVQiwxGkhtDCUw0MxIQdIcDgUFriFa2IhGG28vh3mbYDKameGgahi4hSKBsgOUDa6EoDz6bJe0tpXLY9yY8npVelTN7Gn6igl58v1GPBsa4lIdXKYax+J0sdo0uj8R1lHaoaF0dyG0feA7X9n2hdqu9/0hjwev6QPOHf8ASWlVTYxX4l1D1fxMgvXtCLahWtvWFjJZyr9RyoO7t16QN6Idq9amCVfvjpAJLV+g6SsVed/J6Q0FzdNefSaPUBxsGNN4cZlnGlZET1n9eUqANT+8a3HDOMTPAuZhM85nnBecHrLveXmL6y+sPOXKjEalHInaVVYnbhmWzMp2YrO/C9czHOXFjtKazCPKW5TJePsxGWy3nF6w8Of8NfVr/NUr633X5cDy4EsrgbxMFMVxLi8BqWlDpKYlxF6Ss+BrKZlZ47y4NNcBmpe0VIODQjlrLecbmZ2ldJ5JWmJQEBKplDUrLMrRcxRmYLrhs/x7w8jz+MCgGPzrCxvy/LhuV8/7C6MTd+MZawWdLhXNyvTCm1f2W1/37xM7pn7waTp9IorPpANZXYgXNad7i13gvnUCwem7fSKwJR6F4jLfm9AZDdWekUOM339YBzy7Ebzbt8ZRUXjeChKyf51mAY5/nWNFaVt2POaxG4PrW8RVlrbK09YosNWxw4txpPOTDippFhNzkx1YVDBc2Jio1O0DpCHlO0NdJ5EprSUJnMzMm8LN5mL1l9Z3hwKgExymOU7TtMcoeUzy4XLneeaY7copKORKxCY4A9I34L4v0amf9T9KpX0q+j8DzhtiBpDYhDijiXxZzhdQZd8E4ams1xE8JCawrDbyitsXwhKjUqB1hvmKtWZlXdLAeUKywHMuvP5g0g/PTeWS9Kw5NotTLkl/qFV6vvCgOuo9oi4fn9SxaPz+ps/z/UK/7/UR/wCv1DKXu+v6g0Px/SChQ88Pad6+NorXJ2b/AFCkw8q/4hQZc8/xEMo+f/EB8otKDONJVnlHwXKbMY7yrkU236Sq791jBVdca65lhQXPnzYtABV5ajRK63+OstWrO7rpmXq1ctUwvWJKt/fizbWd478OXDEK5wqFbztK6SjlO0N1SukrpKZmZqZuZ5znmXL6zvMbsxu8O3CjlE6cMzN5w4WQQJzmJRK0hDOPrH1duFfWqV/jqV9AhuObNQwnDlmXpCco7Sq4JliQtwkYStWVwBUoNvCPOF3EArGYGZYxm8OFQIEtbLQGU2zQXaIQ1UogA2PSGrHaDhIPem+WKz2hg4a7U/aZIm+9fqG8zofpUIWMXpj9RMa+HaXDHl8EBp/Up29P4mVjZoguMfHaYf7/AEg2IZ+NoHQHrT8TCWfjyhv+8d4G4NO9ZfaGXHHlAOanOFate2ntD/zP1FH8fqUqPsOnSU0hn5fyb34z0g676n8gBwK9dukbJcdMH2lsFV4xeM9IlqRT3ck0Bmku2ODqzWF0Zm0zMzPOC85Zzh5zXed4VzmJiYldIVK6TtO0rpMkplJA6zvw78MTEPKdpXSB0gpFWeaOuss3ZZjMqmn1H6T/AKqlcHjXjrjUrhUrwENz+XByhOUNoS45ouEozMQoZhxNZXEjCy4suIGKi3N3wAyuAMDFVE5JvbKK0iY0zDC4l4TEcmCCZglXBzQBrmvm8MhjoL8YV2W6QF7zRoe8M7G+9YrrM1Wfzzmw6O/vMmfj7y8G3zvMj494IUxbrMKo3itX4wl/EKrtMRmEWkFKjrfGYpSuHlGVBW1RRS36QCrM7QEa+c9ZpqfO8Gw0/wC11l2Wj9ecWW1X3u+sV5D4yll7+kw3HGk+Wusapxk1xzSaVmDI02QRtvdSjHec+BWIHCukDpCWhfKF8pmF8O8tl9ZfDEamJjh2ldJ24XFZ5sva53l9ZXNPJMIRXSVtUbNqjdR3zLwwZVzw/wAB48cKj9OpX0CV9evDUqVxN/P0laENCG0rSVpCcpWk3JUdI1GXxLYEqKikWLwPIRXElcKlQyqVpK1oh0TCMZmrNBmIVHVzM4zNtYaqZbFWkEPaYFF35sZlM7axKEu7y2xi1a+catW8s4lsnu/U3eTOsMpXnr+pTyr6/qYTF+r7QxFK67/qFrjvn9RYWQ7/AKlgft+ohr9v1C7xR6/qAVx8dpVdPjtDFuj7vxLD8e0MILyqCbdmBb1fci6KJpz6RodnTePb33YKKssLgqVNYsztU5hU89alm7jzdMwaC3PVjjsFmDt1mX1EegCLDmZtzrwNs8McCrmJiYxCsYnaUcpXSUcp2g1WJmZmZmE78O8xGpiNSukTpM8pmZltayzS5itYVMQMmJVpiHlKaY34z6J4K8D/AIq4VwfoVxrhXGuNca41wHyOUKszKcQ2my5WkrgKVLjo4bRnVAYhwUXBbxUVFRVlsVGX4alQCBNfgNxW7mbJeCN5m85RuajEBjEzHLGD4QaoHsbdoACvsQFRn+Rrk7YiNL5u0qxXcxKU+V7Rur+pgmN+kqlV+I74x5QBmvxAuNfe0p1O2IC1f4gC1Qk/D1qDZoX2/Uz0yvXH6isNV3/SUXsPb9S8oPJD9S/wL5V+IDbTu4faZmx5Y/NSmgBrBR16Ss4PTBX4lbQFuvp0iAUXT5pKKUj5efSJyvTr5S9Hq9OkuGfy/UTQNvZHXhlqZmZmZ5wg9YRdYMEN5jnMTExMcuFZ0ldIFF1xz4e8xzmJidpXSU3Npl3jfOL1jTWZogFkNsROngrxn+mvDX0K4V/hTw+g9mcsyskrTENpcuZlacNiPB43VS0V8CR4VElQLlYlQIYylsgMFCpLng5wJjHCskrF1DWULKbswxcEbploYaY05KUfN4ALdmnvFmsg3+M2V9v9mQX5+8V3Z8zLTHx95VHLHznChte1e8UrRn5vKIL86v3jcPXAhR1cotNHeMQq6G8UFv7Y9vzeZpf/AH6yzP3/ABgViqalf2Xaj49YbJSzHxhrbdoSZyf3rDIc/wCdeswwS/8AnWFLs/T1mkhMU5ND3lA4+E1adP0xZtm9YuG3DEqVO0p5QOkOVQvlCDKZ1uZ5y+svrO81lnOYxCniSunh7zvw7zEa5SjlM8uDfPEuXTmOTcebK/8ADV/gvhX0aleCvCRtg/Mhipym5xdpUDSVpOXg3laStPoPBJUEqJBVQUuXCRMIUDHlKoyRR3HVnKbR3nW5lqIEp81wxvxDUuc/OU2dWMDQzJgSm9JWGCI0qRM1C6Fh3Ob5tFV/P4gNYH3/AFHufP8AUbqpfk3+IAGD7/qAnF3pb7QKzK+v6iitUdb/AFKsUZ31iUb9/wBRaNYbfKi2SvPWChWvVhWbb82K5YWPOCtHXzlJO+9vSFIXHnyjXy5pnrL8HK415wu183pUpj815wy/d16xB3eX5wesvhz4cuBCrgkAhWZ2h5Sq4VAZnhcznMfOd+HeYmOD5cPIlszzl9eNExTiYdox3qZzjEd4udfoXD/E/RqV/wCGRPzNoOCV+OJwqqhtxeD4XhfGuFcAblCJUrMddIwiDylASsBwLCmPHtjgCcRqGVhxEu8QCipQ3WMQymArEoth+0RNh+0dK3wGksW27R+/OpHBehjaVqxPtEV/yWfEnzpBcnlklW/LpLLx6VNFtvSGgGitolXf4hSj16SxV6doup3I+s9IFhv8QA+EAWzXymBej5QYOnlyIHTrqENEYmJia4xrLnsHSAoCUxj7PODLzdP5MjrQ47pnGOHOVC5mZhfAesLgw8+GJiYmISvF3neX1iyznxVwzwtnmx2RlzlO0qrl1naom/gPE8K+tn/AfWeFfUOBtOR09mBSY4d4k20jtHzgcOUeDHicKlSmVOaRCoEB5TdYFFEcIqzBBColLKMRzVSsZKhL0jOWIaaQIWesBRHeYuVpESjS4K88R9EQaQV01dOfeMtEU5Y95YbWc/GLTkOr7xeMoDrEuLgUXtVmqGMLb/PWWt5x5f2BIkCaR8vly2+dv5mOW/s/sEaHy+XOgO3y4ZG/Wu/WOSHHzrEfcPt1gYVdO/eZwM6159YqlS79/ONJacm2jrL0i0mz5ecV6zf3g0ZC5U+JmYrWWZljMQ4HAJ2lMMLhczx3nfjjgTWZ5SpXSZmZbesvrO/DHFNJpKZbzjvNpcxjGJZX1zwX/sr/AA1K4PEhwo/JwQ22xcWHtEx2lSq4Vpw5QwnF34HCpUCVADgkIryxIkIEhKqMCJUF3wMGNVMLNmZzNyMOeKpgxORZBCX6RSrJo61L2Ki01heudOkK0MDX5URNze/Samk1DEVSq08/1A8psY+07a/OUMtPP5Uq7nzyjiLq12TTaA437UP6ibzwcl9orpo9/wBSkGzf4Qtro6OvpAtbdt/1Mq587/qIPU1/Uqel+b9QVCjTmb+UyFF7Z6Sl8mcwELM450r9IbVd1doBWHUsz0lprDznfh38BXOFXrCqhVXUxymJjwJwJ34d53mOcxAJXSVM1NagvOd4PXhiYrTjXDvGNfUeOn13wVwrieNgSn6Txrw1wqV4Bjt/OGPSXmHtK/E04sJAqjg3HViayswNOBK8GZSwwYlSpWkv4AwYiYlZm2FjMSl6Rp33m9vAhmUlQEqa6k7cKIGqsQqtgb0ziUJu84Vp5s6jrsreHLjWULJl00xEI6dIy3PW4owSaKv7k0XcS1QCspKrWJfTKckW5IAqo9yaFrTmQKpZiWbQepEbXfpcpChnp+4gCwrqMes30gVoX26ZgWrHbTlETG9b06xtSzblzjLayeXSawnyxy8oIAiQmK3NKiv8BWBvVwQ8k6M/aVytJdoeUzjHHMzMwuFzPOd5cIcMcTgcMzLNIPWD1mJRMG0q52lPKZ0qM03it8WEY3wEv/E+Kv8AMfRrhXCvFXi+f0IBnyjcpvTaIF9Cd5c3PKFYxEqszFE5RIkxN3xEQ4hnTDM8Cq4F64Sm8IOERKwEXlLd6UIRUxnEaoy4zKVibkxFE5QEWwrQ01a7dzrCV1TJ8g0zAOxo1mcK2dCOtXvmWOdJEwbYYasq7aynkwKYL6THa/dlsJd31mQslqXN945Wr6sVmTR5wo1dNYN9Xq5hgLq81cug24cGaiFL8tdMy1Vou+ZRDS9m+kGvWX2c9YWAoFO2tj6POOdeH47xC7m2/v1htvO6PXzlW73x6dYgXSaJn3jEqqWIVBOcxwKmIVKIEDpwLxC+Uzwpnfh3neYmJhYaGJyhZtM8uGTfjjmTHMmDhXDMHTgVwqPh0/8ACp4mONeCnx1Kf8DLyvXO0p5bRNY75jGPF2joY4Vr5x4cvBUqDLA4VKXgGQMQIHFYKgYiwVmJCEqa1iUEQLzOU2nOJiAC4VsDzZtGaPURUdanp9ptiAKrYxKpSDLHzMAiDME1uJWtBgXBtlnQ/UovR9q/EDVT7fqNBoEXI/UrOSfFUDMBS8L6fqELjPkdJSs59v1OR+P6lB6/K6SgyFvl+pRVG+3n0lawa38xKBQwfzpKcxG7Od/lgbdb/rpErF1U3gWfeAsNnt8Czhnw6QmIQqVUxO0zx3mZbzl8+F8MTEehO3C5mpfWXe+eOOFxuF4l6cGn/CfRxDxV4a8dfQrjXCvq1jgmdzrlN24lX5RYmHyicGZonKFVBoxKuJrKlacagStJVCVKYWlBAgXAqzeOxw0xvcXEfBlVcBjaJK0I7wLXECsJm0+VETYFuemZi6GNPSGIU35cpUauLMao3rHVhssiA1iU5GsXrBNFgmbjkcIdFC483x6y222BLHlA8+/xmiW1ctr3fLl3q2ffrGizu+bwaj8x1gwzpr2vrKIPzL1mp+ba5mjCVXtFAx9uss5L/sBo+fpDGrCI3Fz5/R4nj2mYXC+BfE4lcO0rpwbly2d53jUuqlk7S+kzM8LjvmIVHyiTOYrmON/DfGvoniv6jwxMeHHhrhX+dPc/iGS62iVcd4kd41mYz5StJyxKnKZqVcSr4YxOUrgViXQMeADgHDKxFw8NpuwI4SktuZMDTErSU5gQFGIgUw4M1Ny9xgld4xW1qPO49CVBlEbOCLS6tDzqanOamcZzMjEOhsyleaJjAmSoIdIuwhaEBjdkoRQHHPn+o2hZ7/qDhyVWuLrpDat6/qPwP6lh12z06QJCEOsYNnLRbvc7L1vZl4JW7e9ppKxnF3gY2rr015wQmv36cMgWxrq1KEfY/A4DO878SbQqY5QqYrSduHbwkuXws4BAnKZmirneDwxFzO3CtIiby9uCy1mvnHwMPA/QOG/ifBXifonB4Ylf6L13u/EHXHBtDm478GVKuDQnK44S9YytZXAhAm8FBwDMBZAga+UDaNiaj82iFtxMkIrWWpR0mSVdErGIGsCiGEd5gZjBiV3QuIXWNiKHUux7zVWmVzyI0odAiG2s3A0xjfyxEwVAJ5XMTmmKmLgGIxTPSCMKnZCasr0lBWQgBVkN5v0lgOhjlKIt/iAZt2uVI6DZ0gAEHblFEKrtltzMiKTljaoVtEPLyjJK31rrCjgvVxNHl5dJthGrxrUAvocxq6rot6BHBK8WYQYLzm3DExwxxudpmW8Dzgy+KsY4BMxes82O8xUxiY0CHlOkHrO/+6s+Cvq0+KvBX12MJy+nsiYYN3Ocd8RitYmvlEnKZgqooqJrcd5VSuNMey4ECBBwCGswqBYznHaGDyiRTHLFxupWuZszKxKzA0lRMyisIPxAzKhNlg0scAVb/JqO2JRdLMN+0wTLixXTHRzKzqwMjbNFEptDRAYhZY3qa2oujnWF6DZ5wtac5fUvF3W+vKWMTYZyZqK6NdMwW2GmdgqNebWed2DLuSeul6feXVG2XOYCr1c9h1goNDdHdesVTGyrHpiA2RFCp2Tv1moLLKdvzMUfx7z0H0I8PLhnicMTBMTEoldJmZZm+GtyjGZiY4N1C43r4MSq2ZpW0s2mPFX/AJWPq14q8JBfx6Q3Lhq1K1xOcXWc4n4nLylacAOSYqO81NxD5zZNsCGeSAhAhATaVDWDT7TZlVc5JRRGEwRGomsrSVKzDQlaxGE1YYpNBCqY2aS3mlUdY6Bi1HJI6NaQJZTuRCU3dZZakaziBbA0xMphRTGng9DpLYRrI1jyxG1CvIuV0hq8qdIcYDShFXUU6YxlmBHyyoAhp8uXlK1V7Baa6MQF6XGqrLznWarSGLrSnSOm6NMFmnWpZwrPw6dYhqg15Y6JhGgXy33qKMolNHkzykrEVtBTKfES4bwIVMeK3hv4cTHKduFsrrMy7mJieRMzMblxwsU4NbR/yn0N/wDAaaf6XjXs/wASmAMwK7v3Ocd4msrXy4VpUoxiVglMJiVVyoZEDSHACCgY4GsKxMgwMwMpPmJtN2cpWGan5uxHHl+olEZYqUSqXhssrMBoYZoYnKCtjEBvwW604l3euDNaOkccbgDYmR3XDbhGm4F7ysBGs8BWoBnNTMymcwdhnW3L1iAMs99fOFCxq6TXTOsAtHXvnrAsFuf35xkreE9usaOs1J+R0mJTBtyF4irdOLeVyXJAa+HKAIOG/h3lVqxZO8pe6B8faaB1tK5XD05aDfpGlRSwG8q1lftTEx9EuHDfXiQricM1C5mXGYhUs4OTSZ4HV44461Nsx04MI/Wrw1wOFeHtMfWzK4B4Tw19KuLCfY4qVrOfnOcd7iax3mZUKxK0gNXKVStYGsDSBpKiQHErgBDUgla3Az1hDSVrOXLeVZmDuzOUTE1MNDKxElSsMDLKhysrycDRJoHaFA35wyYgTRFoNmGNf5w74Fpd4EahUyklMBVxAlqCOg1zmb02gY8iFtwvPP8AUtpcu31K2iQUeKCjp5Sm2sdD750h7yCmctnSL2m02MShYX4aj13H4esEKN18PSLD2v2wCaqV3i5gIGzyhLqnshmTDp6qYqrm7SiMeruTDK0vWPqTevjHgIeLMOPPhiBe0rpM1fDPOd5iMOFXtLZnjRDaXVTOJmbGeN/UvwV4a8Ff5ThX1aZXF4Vxs+RhoFDec5zzvPdE1joxMsozOXAMxQODCcoVhl3xriXiBp2nOGsNY2jhSG0xA/KUvVKxAlZJWGJmUSsMC2U0HCJVGDxKxDoespCaLEKKw2dpcoNJyxN3O5TQKjXKIWxJRnEDGJRjSARVKIubZ6ylEdUvDnVhmZe/eq3lPkH6ZQvOF6c/OMXR0W2FsyjF8L9Sm8Xdnu/cssYUvuuPlwz1tArTf7/tgbjq+8tfhgrkfJGj52/cwiUy+/7RokKD2IARqvPDXapglInTzmHx8/QzwLh4seDPiamOCMzmE78WuOC8jg1mO7NOHn/lPHX0a+vT9evELzycyqhvOYRCOfArLGVpOUrOENogXE1lawrENoXDV4G0qGLgQ0Jpc3ZlU2jvDXzfqBXZ7RKXlK0lZSsyvjtGi5hEtsmo5Rtc1Pm8MKqOHIv5GKXGrMB5Rycb5mggNSJTGhFhituY4WjpmIt5jiszIZYLzrAbCaaX0jgM53mAxV+eeChjG8SCm668pkXLR1hrVMOdxADwC/RMuOvlSpyb6ecBMS/0lt0vYiyt1vTzk3Xm9LwjutV9ib0Ucfd+4DrOMc0htOwHZfqVtdb9WyUNdl+6CcYcMeElQhxPHjgRhMy5dzFTEOFPC5rvMTExbN2FxtKua3GvEf5zxPCoeOl8VQ8NeKvC+CodiRIaPnD3jvF1jvHec8zcnKcpsR0Zz4G0NoGJRlheIbQnObITn5P4m6vmZslYYmab/tgaPm01+OUBaPmWBU5X+pSQl4G0DAyn46QVQMQNMfMSjPnAC3zWBq3zSa0rYXXX1jota9iZzFRKc3NIcTliBDKBcEdkiSiyJiYXibGoR0VGrTeUW6gE/wCQCn+QDN5XptUuL5czlKYEVfLrMBCizTUaS8K4OjEGtNbx3iuQ0Z7w6JpWe4/UbBayuPKbmQeXqpiFNPYiKbW5sFM4/JAOW9x+oVS1pYy3yYab+6UnC6/iGc4T1Zj6BxJg+jnHCuGIcLZmVwWIJwZXDMKjKm0q4+J8R4T6ePpW8KfDiP8AmTwEZ8bSZd4WnPzjv58Ocd5rc7Q2htDNTnw5w2lGIaccKl6whtNk2+z7zU7To/MQ1DM35fvbA+e0TOsY9o/eflhl13H8PSPx82VglQmfV94B8eVRMPn7MrLjeGJfX2iL6/eAdKz0siqXkZ7R1imLImGOtHaNYjpEDUSgiGZoxmpGaCWGAlpcze8CwmrEtg6ZM9JkD78oiCj971ibmiL624tr1MEEz7ufVfuXucVfPE5c5C+zHYuZvuwQt2HXWEnNTGm6I+kqLyyhYtjm+kMBMhnsot5MOnqxmQ0bPLKGA10jLzr9M4PA8VeK974YmJptwz4McM4KmeJoMsr6x/orwX4a+rX1QlXyccIZ1veKt1zg6y9Yus5xnKDpUNox1ZWsAxCHDecuHOGpNELXqgTZ9ftAy7fhhqwPJv8AUC35e0q/K92FF1vGCPL8R+Lqyj743Ss5x/2bOdfqKr45wy7+85ohXRME6+5CxcvaDL5xLqJYy202I6RJTHURHFsRmtMLStoWLiCm4lGaqoWoTK9joZauVjCmsaQWFNdq5kBZer7QAAjHsTdsrKelP3FgxYfeoK3qsdqQIXKS3GM5YCA4zeuAiAH/ACIJZM/m2E0q3z6DUN22T7CVnmFepEeYexAB1kL6DNbzDH6B4cQ47+C+HLxXO/CzThpczKSMQzLNCa3M5nf/AM+scQ6eOv8ABU2S/nfjmMVCx58M5s3i643jvU5znFlaQ2hWODvEmMQxU0m7wJtOdwqyG0bR63Kudfl/UMD82YasGnzlNXen8nI5r3YPsfmGhXl+GOw+Wzb45RLVwNx8uBpE/P3lYY+XCqT4esCvPz2SF+XKBuDIrv6R6EBEKJS2U0iYlLY1iMAuWYhTKZvVyzvTwuQN/eALPcwAQFurm8c7ua23W5bpcXEef5/iOgurt94wZdfeatHJ+IAk3W/WBWZoezEjUujHaZKdfykSmvNodA1fUTZ1Tf5YK5N/EChY0jXoMDYBPQYa8jGV4iHAhwz9CocHx28McMXLmZlL4a3GZ3ODjea/4j/G+OvDTibM3lMo4Pl9Y4G0fwdoVQTX5obRqO8d8R3mmqO8rSG0L4Ocd43ZK0mKtnObzclKuc7myBpKqyHslu0/UdTp7Mfse7Nz0+0pj09pn5c2DOaxQq2PdC2PmrDR2H8RWsZ/jKT394FkJUF4NbK9YU7faKx8/eGWGjp6VC05r9RGCV5P1HFwXUSyDWUxLI5PKKxHViN0GF7wBluQ8swpNImRUsIhUKYGKq45eUrNNfLRfKVB0bdSGKRgfxFl+v3vEjfFTru/wipH184Sx+QII+X8IoHmIN80/UG2NPajBjfN82Jza/wh7/eLoDR9t4sfAQ8Z9M4XwY1wDicOXC3heODf1a/xX9SuBHWbR4VMHCjlNpn65twNpoIMKl7gaqXpLiUM2hhMvlwNpym05xNYGS4bQwTd4BpDgZZojZhqwz53H2gZPzVKrk7erBlwlPy9olP5uzJTWCIuj+09ax6oh3n6lHw2ZRXli/WBjyQY7/eAp83Jbs/UzH5qyi3yf1EM/l6MSlWl+8U2rRb0uo9ET1jhEuE0IhUavMARkgXlDF7RKYVzvEqhMSrmVZiYXrh2iESsfeNRTj+EcWeb1LwvJYX0SwHQPZBo71gDI1xXclyW1R7QiqnLRy1IZ6LVfasxyLeAPswIB1qerMC8v5Nq8n6mVOvvOb8MUXIJvN+Dr4CHGuJ9DPhxx6ccTDM1MdYaay2O8duGbhKqvpX/ALjjpXDtCVw1ldPAMdeBxZXhrwcuBwjLHBVyOfNBxpFxHfgOrLzA3ScoaRvMrWVnhUDXgbTac4bQ0Jm3f8MqKt+/4lZ9P0wPQ92fPzjf5ezDUVv7sLfZ7R+XkzNdfdMAnKMz5/hmj5+8K7B+CVr8z83DQ6v8gdDf/I6HTn3Yl/PKK52PZlVGWzvFpBVKHyZtOso4jYTSBZGhjWre8RzyidpVNIrPKobmZarlNd4XhzAllMyWDfM0EF0Lohv6GhfNOkzAiq+NItri2vVYwBnF9pY42flM1pq+to2s83oS9tjXsMc0uNnpcuiFP1BAMdfJmT7OPO5Q3SLbf+XGwLP+MVfFucA8Zt4D6ocNuN8GuGnHGWOjwd+UZzl1dxjwXwfFX0a+pXhrgca47cAlwLlZm0ozjxPCvCyngcDjUI/s/OCKlcDAybeczUd8R0YxWZs8AnOc5rU1qBjhTCbR3hoOctUbd1edMyNfMwfbAfLoyl873YPV94C8PmI7Tj+s1fZCNvm6NMCak9fzSBV8z8z0fHoRDn5QiefPzSF+z2iHSX3YCvt+0ovT8zM0dPzMWVjytplhIJPxPg9ZgWzHXVrpDpiqaFia02gWzUyinPmQzFmNSYO01M84HWyBRgiNa0Syb2fzrLLb2/A73Er6L7rgWCiz0/SBTfP8CPocX2Eaqqo9iYYO77JiDZ/jANZp7Sp3F4O8EStv5HHnaAuc1/MpZ29CXzp+pU0HCvCcCHAv6FeF8Bw5TvOkU4a8CY45ycHJHieC/wDfjh246TLKneU1dbw2lSszvxeNY+iQ8Wv4sx9UdhE0ow/HKE90sHnE+6OPjrOcdYCjeWlQdJoM3ioQ0layoMEOABDQ8obwMw5XOMW8/ZlZ+N2aYVkfNGb35qgPnyjvfMM+fWB6H6nwekGdW/uQBRpXsRqjz94FOz/Jq+XtNkYX3Yf3PsRehp+QZYFYv3Kihyr2jr3Tztj04gNSVX4GFY4+MB8xr2iDa8Wxx1jtRVvKUkuXjaEp27xuxSVYj2YYCOGmeBIso/cVju1XUvpMVTVntFxQO7tMe2SnLOE0rn+0CmlUflCV6+6XXlf1KB+YGOHzy9IEN6h7EDyn9nVIX6jAA5HtA6yvr4w4EIcN4TEr6deBjwuX1m8IbceU5MNpWkZvwP8AEcccNvr1wrga8aLl1w/fDttwIcK4a/SPBooLSvKDVSuohsfNJqklS0zMhRZh1ZoMFD5e0dhLy7xUKYm2ICRcuIQ24c4YDAwR1L8wwH7fzK6IrT+ZT8/u8Fm/zZm75uyvoIRp9PRgff7wen7Eb0fmYL88r1Jc3T2I5nb+s1rmQ2Xp7Mp6oPD8wTI6bgFd7x6kVsm3tLSnRx6spia/yCF1+DMGFgHxUyOMRvQkpLR6S1yvSAGlNdJYGD0jVj24FLfxKqVVzzS5oR3CvRiCy/ZqZUVyQYWVqBOvTHZDj+f4gsGSz7Ixs8p8faLgvW/ywJZfmI9jk9oPXovvCIbTOGEerGOkSHB47w4njPFc3mkvgeCyGPBfB4unBvjXCvDX1a+hWfB28DK8W7NKxBY+UNYaE2eHLE0rO3Cq8G0DhU08Tj04OvI/mK89IXi+U0YtInd/UelBazBtBEXr/Zd3LLJq+eUMURqmOr5QhtCc5m4aENJqsDJAwRMPkw/P3nr4jT5bMMl81Y8nMjf82Z+n5Yi3yhqvjZgQ+z9iXrkpgnf9yF08vaJ8urKtbCfDowL7veHE6exA0bQPV9yKOz2gXxv7oPASo22fu3iiesxzIqDkHtCTVZdO8caO366zKlwCBCe7GVM9DMcWOm8Hgw+cpHOkUmYjVMrS4CaGYKADXPnEo1mCJPWDbQPN7Qh0Us5UbSilG37sN+P+VDVWv8Yzo+XCwm3foTHQfLhguWEA119zMnVcB2RceB4kOIQ8R43jcvgbSpUwaznGPDnGo8LzUwx8V8L/AMteHPgIzTjpKwYmnDaXrmVnvMYuVh8uNaYlSnlNJr4MTMrjQcGc43ng68p+Zu+U09JueUTZFSL80lyfL2iDujYYq35zghtpn3grDHcG02nOGvA5TnN2H3ENCVr85wMwWJX5fhmj5+8L6I+XZhr+bs0WhM/mzM35/wBT7H2hr1Pwy3z1hs+XsTbv95V6z7k/D7RPU92Bb9v2mbfNmaHn7zltvYm/zzlO/j7Rw65ezKHysWW2rHoRHFefvPMbPyTIzAGvlMYRbrrrCZO2/bpFMwFvvDY2ajs6QwoYgL2hKsxDWksJcHWDM2XTE3G8zmzqdJpv1OTHp5Opyl5d2Gn2gBzU1lvRg5c0/MwlAynkQoY+fclUhqFFpLRTXnDTFhy8uVFzP7x8NcQhw14kr6Rx5cU6ys8dZU185XA404PL/BX+UIaTXjUvPE2xwYaw01lPKd5mBQcK1xwqVCVwrwu8TWO8TLMWxp5f8sVCkMO0svtFSXApj2/aLECjNQt+v3iTVtGIGrwThvLg2nOBlhtDaG8ukOcejufqV9z8MOX5mH430nufhm/5uzRBU+WzNO+C/j0mK+do0fM/Mv2j8Ep+6BT+Q+pA+fKe/wB2URfNo+mP4ZoefvMx5exLt+d2ar+bSw8fKZl3kUp5exEa03feNXyn8jby/ZlEdU+8GEuyvYmrxTf5Yo7Fj0JcMmn2I+oRW0RdFsc2ly+cT0mlWSjM15SwSyLQiKswqiqxmLa3KBk5wrPv2j1Xr+4NZZP5Kmb1PWLDqxSDvXpLlvdgoZHeHvWTDwnE4nA8BxrxPWZlcGEagwrENOBLeBOXEM+Gvr19WuJ4qlcCViOJ+4YrygNduGF13lOJoRlceXDHgqVK1jviO8d47x1ZXLPuRhrL0l0IhohWHXP2jnYlsxfjvNIAMA388okCNmAsBAxesHWF2JsVHWNyBrzfqaeY/hgfd7w+mCfPoyl/m7DHke0J8+jDn5+8Xm0X9pt8bR98fkmPlexKz5/eNDz/AJKz8vaOvz94fh9psfNGBR5+5BxQxXtE9r1Z/wAfafDsxFej7zAbFe0pfPy2bPl/IiH80Zl1H3Jk5aB+0qt+asyqrfPYguDStOMaxL1ZTviOGKiLLe8OhuPXFIqqWUjrG9wF2jagQsZeEL3MS7SB3sqXuk2ymNesRac844AbDbbMUa40Oy4HgxxIfSa458N8N468OUNp24ZI8WN33la8M8Nv8h9GvFfhrjUJzxtO83mhEvgcHziO5Dzh5cKeNdJgJz4c47x3jK1m6O80u157vvBmHec+dRJXlF8docDy9ptFrdy8p83l5i+HpiZPxyiUQNLAdkNEykrSw1y/JDQIpGqustXzyiNPn+GGe73hMOkfPsw1efuweZvDq5/xhp8/eWPhyjp5fZlelfuS9L5e0HPf+WUp6/qD9ntNfjnBwdv4T4+8WHzch+PtHVXzLNfhym3xpcV0encmmm8e0Avz95UA2PYl/n7wFxv/ACOHSaGezFf8wLpXHsImEcX9Vgxd7efSIbo5ZIptK3TMoIO8AlORKNzdUDgaSqqnEWtOAZfAJyXG5Bi9UPsuOv0d4eJ8N+HfwLx34Vji8DjnwZ+oca8B4q+hXgvM24ZGZls0hs8RzrDblNuoTnO0GcuGeKeCtYk2Y7x3jbcd5tsy4p83i+O8YTPkmVPKLMKsuntMiDSbvznHD8c5Q1Fns9pYo0uKVrBf7lgS+iGBiClykXDpcfd7wc6yxr80j8fJmR537wY5KxB9r2Ya/P3mx+aR0fmzMU+bwuvl+on2fuVPOPyQ4DyPxM+Zd+rBz88pdr5tBz3lgE+PvAvme5NG/NGe/wB4aPmxFLHzeFWh3/UUF5ezD0WX6wXsexEdD5bM/PlHPy2ZSvb8y9CaHtL+NbNucfV6+kO+a6qJpFJrPy5lPLiOg3ECHCm8S7tKWvMtjVTHC5fC+DPNCenAfSPFXDB4doSuFTHBY1xGbTlCa1xI1OUs/wDAfCeGuNcCaHLh+4DidtppGNXCaTdiTMrhu8N+G8eGvD9y1HVHeDC+bxCXXyfvgGRgW9P8mAK+YgaStXzjfx5waUJKRoDuyoSWICZgaMxV+UVbmWCDQBLcnH/YBdFjV+eUfye80fM/MNHTAPh0Z7/eYU8j8EdPjZhp+bw0eU36795oPzafg9peT81YsfHKbvmzC7gsr2m45ftgmD5tHV3/ABC01z94sKlIi9PZYKWPmkTBW3sylPX3mLHQ/ES3nf3ZqSy6/NTGF/bz6wpS7/qIH5ezDky09ec1F3deuIYkpf7mIXt2qAziIwxANJ0sol+c5TGzKNI5x4NvFcWpb80DgeIhxPoPhxngcefgXBx5cMk2/wAJwrxvGjiTfwVwqV464VxyPDS4ZmjNjga44ASvCcK4Z4HA2JWk5Spe0OcBGXzvcT57wUMDSIDyfqfD0hUpTBPV7xYPqQYNixrMcOsHSLCK1DsI6SFLzEBL0bziUu6t+jD8j8xCsZ+PJnu94fZ/UdH1/MMDz94GEq/nrDCMqh5/yZt83YbfOUvDDU+0NFTfLH9YL8eU2YflDFK+VMWmKZ8/tDTL5mKuTZ7QFyOX4hfm/sMA+aE0Tz94p8HSahfymYBHGOte0G57esCs0qMuoijN4jZA2zF4BUufpMuXwLqdX+I+I4HE+owhtwwXwMxvEOHKaE04O8xnwabTfHBuH+A/wVwJUqVK4V4tpzmrDabRn7hWNuFRieLMrgBcNoQ2hakpcaAbqDSVDDRCLO+feG/Qh/H2ht+bQ2jgVmq/zWN2w2jGT5iUWqijlL0mcHNwbi5CW1MrcrasII6Jkmro/sMH8n4Y/c95tTl+omO6Fd4/MJV09ifH3hqL80mz82lZ7+8MkLjyPvBRxFG9VCgCYru956h+oWdntM9j7wbC/VmLYIZe3SbVjB7QXV+Zg0fL2m8616sCL0xr0mCc6vvM6r+VHV80GY1c/eUZVp7RTsPlXOMTBU820XYl8Xiy5cduBSJlhGLB8McSVwIeLlwYTbwZ8NY+lf0CPA+lXhqV/iBmsrhXF47w43oz9R4bw0JXGuJmuJCVNOHLEIbTVFvNMPaJGkOg0NJW80MVfHWUvqv3iwNvKU+PKH5fqaqJb5/3N4NSGEgrS5uY6w1IqJXiNgGsvCouJba5QkcYbTtKhqvJAqnI/TKdL8WHL2/Ua+PWBQ8/efZexN7a/wBYINvmkDDnb71NYHCXrKMoVVfNJvrDQl6K2/ZDUx8xMU3KdqfmUpnb2mq9ZlCzD59Jakv5mDk85q1y9oWd+nOWAySjN8tigJfhUZ7uhqIaK0tOXqzNd7zNUREuNVLly5cvhji0RgDHgdly+88TiQ4HE8B4L8Bw58DwPDXwcoFQ2nLgQmI8CV464v8AgPCfRrjUJvMFcElSjHDnOceJ4NITlDaG0NobTlAyQj5b7cGsQ3UdGdD5mVrUPaIx85RfPaYQx0Y3HKJH45Qqi47xcs3JpUHWXaesIo7xTLNUuEZvHszUGKbvZhKnzesG/hsRDHv6XDAxdJBiO1H2mrb5lm5OcMwN+RBPjzgtjWeAlkMAg2sNo+gfxM2aw5q+E9D+wwHB6RCvJ/sHJ85RukHb8DEmL+ecEVZxoXekpTgz7wqq7ltk2LIxvBFZLINcFy+C8V8IvC48BWPLxBKh4SV4Dw58HKXxam8rSF48DKZc68L/AMdcK+hXhqUSvBi/AMOG85ZjCG3DnN5rVTlKI4jvK8ZDiVjgTlKtIwHn9oVghtBcW7x0ZuMQdnximZvSasfmIsEdGWjeF2dYQbzHeGsNDMspuFLgtLhhLcwaThNYVyyQmarfeUC2G++0oBrc+8KppW8Fj5tG1XNEi686uoW+ZmRQ2uL32oNnJrbpFwxZ6XmJpvj2lZWWYi5F9YJSDi7hfr684ADdUe0pTFNWxtUtHA1ziVyTWZWplfWKGX8xroMqRbWGFu5iYmIvC5l4MHBixYxis+Q/LwPrV9BgzPhNvAznG+DGMs7+Bh/qqV9G+BwrxHHnDKTtxzxrThT4tuDvGaenA1J9/htByBDTgYiFXruM/Ie0dEDimO810nKXiNpumjDaMZdQuswYOYOI7hBKqK0hQl+C+UIFK5bxJkKBv0ijQL09WbP4aRtXLM1aSzQkyVbiaZ/7UPcL6615VHqC+TZGtQpDBOdiXhEzyvpF2BaEVDqtVdQVpLCnSIRmXFPMuPMdOsTMPVXHFwRG8YXlHwlixZfHEYXgtRTwYpGVY8ceHfwZ8HLhWJUrimOHKcuGCMd/AkvioqZNPEf79/FfhJt4Rz34bS9Zi2Pvw5eLeVwZiJGc4wse0sL1wcHkTlNC6zaDA3N0W3m4AXNnynKaiQcphSXpLxcXWcpqODFZg04CGZpjRIbcSGsGXklqQeTToXBtaqinJmFDp0l1EhawLR7RWXFdpnzV5SzH2/s6zyzKTJMn/JUMHpFTbi4s5XDmK7zZGItuWLqntGplIpcQWW3FYwsUlkxEEc+C4Ky+Ahi+J4LGF45YHjPoVwNvFjiR4c48TbifQD6dcKPGvhPAHGvDjhXCvDXgKslFcElfngakrEI8WB4Ocd5WvDMUmLGwy1BNA3qYyhtHOAiNMa9Ud8QckpiBiU5nNuFCM2hcTOZcNuA6srSBiUIzNzAFgOXaVULmOBAIZ4DgzB5slNoH2hThuEXNYhgmrI7SO3AmoyqZhqBqjasyi5YK7y1HC6uApUYxUuLiLFaitGWEvhfgNvBcWPAYvhpvlUIeA8JK8ZGVOXh28Hnx5TPBrwvF8FfXfoh9epnieAwTPgPqpK1jvHRjqxem/hjqwo3hjFQDEzRHXgd7qGc7w2JZic8zeN4XiVguJhl50lmOBqy5snNlEUUc6RDUDEpm00zLjlW4l5hdMq6w0bOzKTbvyiDLjuRHUHqP3Gtgd8D3hdfRRLX08rc+qTZvZqL+0FdNg2r9Ylq/h0jsep/UdtZ6nz85S4+zAG72/uf8Q/cz/qjsd6DOnZnO16T9R2vi8on4fqL5Pnyn/ezl+ripj1sf6uaf5k/6yf8ARZ/1WK6ffhv+qz/uMu19RnymXf2h/wBaZ9H1nOfuxxFWGDp4a4ngOLwrg1CPCtZvKyTYrhnhenhcRm/hx9Q8FeM8R9I4n0zwbw24YqVwzmozThXgZpM5nONU5jbc0E62QNIecB32l0k2wQGbJRGUuYJjG2sNrgM2ZeZdQDWIiWVF2Q7ymvxY6714hep3lH8M2/vIiYH2fuV3XoB7xBw/YezOU/nygL7pRGM7Q9ovuZdj0kVgX0LsTPpeVJhpmOoPm46p+ajusebL55jTsSuRMcpaX4C4MthLly5bLZcuXL8eeFvguXwzwzwOB4h4cuJwfCGnirWVwDJDi+I2m/jP8Fca/wAefAeHaGkZTxNpUZUfeVwqX4cw2lzaOnBblRLZGOQn3InUJHXBrNLWd41avSWbr0w92O9QM2esdr1o0k0aI7Rz9mCIXLtLP2IkpPmotdr1lxnlL+jfCvoV4sypXHPjqVKlcThUqVKlcalSpUrwV4j6pMEeG3g5MODwx4qh4K8FfXrif6zwmXhXHOZV8Djb4O3h0mYJG4ltvWLlbKNgmmWcobRnOc5iycuLwI8CV4K8FSpXjrjXirxVwPAfQvx34jifRDwX4KyTbjtxqXpwqXK48vrn+EmeNf5alQ8JtxZz4Vwpx4Q8BK8DKq7Yxuec5TYm0d5TPDlKwRjvK4VKgSuFca8VeO+Of/GPHXiPDXHnwuOIzebTaU8N4TY4PB8N8Xi/RHwniPpV9CofTLlcHeO82nKYqBMw4bcHi8K4cpWnBpuc41njylGLjvGYnLhtHfgH0M/VrhXhr/wK41wPpENOBxPFWsOFY4M3JtweDvHjvKyeGpUfpHio4EqB9ErwX4jwV4w04HCuJw7ccxrwbzPDchqQ4bE24MSdIQ25RuO8cs3m0c+Fvx7/APn19GoeC/phxOOrOUCPDlOX1WJxr6J9Em/gqV4Dw1NPCeM8WOO5Niaa+JgSuHOo8SZnKcpU2nOZzUrM8py4PDecuDLLlZI+B4V/iz9WpX0zwVxJX0N/rcuFQ2m0xnwPA1iaTaJrxH6GhxrwHA+qcT6J9LbwnhPCcanPjvEmnGuCR4b6zBhNGZ4JiO/DkwODvKlZlaTaPgYcK8G/hr/BX+I+iHhr6+kqG0r6t8OXB4VXB4kfrV4KlcTX/wADeVDgHhd+OeCQxOXAmdpU8pUqaTlOnCiszOZiVOUODWeFHDnKq+LN5XhqErjUo+nXgqVK4VK+lX0K41/hOBwqY8Lx14E5R4b8K4s6fTricT6B/wCCca4EPLjz41KmMcDh34VDwPGqZ04VHfgwG9Y5qVGyVKyTETESFcKmnCmN8AfHXCuFY4U+Kv8AJnhUrgkrwkr6VfU2OGsNvDt5R4coRiXNeGONfRY+E4V4svA/zX4zjjw6x41ngGkMvHPHBxri71HibY40Zlazz4bSpr5R2mSc7lPCo6TeZj46fqV9GvHtK+meKvo1wPEcXjtU3l1U28Lwz9HMPpMONSv/ACsSuBxp8R04nXibQPD5nBhrDUvhymY7srNTlcrePCpUR34VxpleDNTHhrhXCpXCpXCpiV4K8LwrjX+qvqVA8FVxI44iRcTM5+F/21xOB9A+seHT6FcK4s04c+NcczbhzolErSG1wnnwQnLgR4efHF8PPiyvBR4tuKSuGP8ABXGpXBJUrhX1z6e3Hn9GvDuys+F8N/WvxHjqV/kOO8P8GnBlOXhnfhpxIeDFys8DaZrjXDaO83wQ2l8M3xrwEeNeLHCuLwo8J4CVD6YcCV9A+hX0jjmpt/uuEqf/2Q==', 'Coralyn', 'd2fa0170-33be-41e6-ba6c-d469360080a7');